customer_id,segment,industry,plan,region,tenure_months,monthly_recurring_revenue,active_days_last_30,support_tickets_last_30,avg_response_time_hours,feature_adoption_score,nps_score,billing_issues_last_90,training_completed,last_login_days_ago,churned,churn_probability_baseline
CUST-0001,SMB,Education,Growth,North America,30,355.6,16,2,7.1,0.754,8,0,1,47,0,0.011
CUST-0002,Mid-Market,Education,Starter,Asia-Pacific,1,397.32,26,3,9.5,0.453,3,0,0,15,0,0.013
CUST-0003,SMB,SaaS,Pro,North America,17,468.14,8,1,14.4,0.788,5,1,1,46,0,0.083
CUST-0004,Mid-Market,Education,Starter,North America,47,356.39,15,1,9.2,0.146,2,0,0,35,0,0.15
CUST-0005,Enterprise,SaaS,Starter,North America,18,440.22,14,2,3.1,0.64,9,1,1,46,0,0.019
CUST-0006,Mid-Market,Education,Growth,North America,12,407.25,3,2,10.1,0.186,2,0,1,39,0,0.287
CUST-0007,Mid-Market,Healthcare,Growth,North America,15,122.21,26,2,9.6,0.817,3,0,1,60,0,0.017
CUST-0008,SMB,Financial Services,Growth,Asia-Pacific,27,319.34,26,0,2.7,0.611,0,0,1,25,0,0.005
CUST-0009,SMB,Logistics,Enterprise,Africa,20,1051.28,16,3,16.5,0.141,2,0,0,59,0,0.401
CUST-0010,Mid-Market,Logistics,Starter,North America,28,432.79,2,1,18.9,0.731,3,0,0,17,0,0.141
CUST-0011,Mid-Market,Retail,Pro,Europe,24,394.86,26,3,6.5,0.337,6,0,1,17,0,0.004
CUST-0012,Mid-Market,Retail,Growth,Europe,40,801.62,7,0,4.2,0.094,3,1,1,17,0,0.076
CUST-0013,SMB,SaaS,Pro,North America,18,602.26,25,4,24.8,0.553,7,0,1,34,0,0.027
CUST-0014,SMB,SaaS,Pro,Asia-Pacific,21,171.2,28,4,5.5,0.49,8,0,0,33,0,0.004
CUST-0015,SMB,Financial Services,Pro,North America,44,470.29,17,2,3.2,0.62,7,0,1,41,0,0.009
CUST-0016,Enterprise,SaaS,Pro,Europe,24,838.88,7,3,4.1,0.282,6,1,1,55,1,0.152
CUST-0017,SMB,Healthcare,Pro,North America,23,540.46,12,1,8.4,0.278,4,0,0,24,0,0.049
CUST-0018,SMB,Healthcare,Starter,Europe,11,279.0,1,4,3.4,0.35,1,1,1,42,0,0.371
CUST-0019,Enterprise,Healthcare,Growth,Asia-Pacific,5,533.28,4,1,12.6,0.399,0,0,1,60,0,0.462
CUST-0020,SMB,SaaS,Pro,Africa,29,310.66,27,1,17.3,0.474,4,1,0,53,0,0.069
CUST-0021,Mid-Market,Retail,Pro,North America,31,581.77,3,3,12.7,0.158,2,1,1,41,0,0.475
CUST-0022,Enterprise,Financial Services,Enterprise,Africa,8,2879.0,10,0,0.9,0.431,1,0,0,17,0,0.026
CUST-0023,SMB,Education,Growth,Europe,2,473.99,14,3,1.6,0.673,9,0,1,21,0,0.003
CUST-0024,Mid-Market,Financial Services,Starter,North America,22,522.01,7,2,15.6,0.795,6,0,1,22,0,0.037
CUST-0025,Enterprise,Financial Services,Pro,Europe,44,360.8,0,1,6.4,0.348,8,0,1,44,1,0.093
CUST-0026,SMB,Logistics,Starter,North America,34,375.2,20,0,3.5,0.23,10,0,0,48,0,0.019
CUST-0027,Mid-Market,Financial Services,Pro,Africa,45,465.74,9,7,1.5,0.176,3,1,0,56,0,0.319
CUST-0028,Mid-Market,Logistics,Starter,North America,5,776.17,9,2,4.8,0.434,5,1,1,26,0,0.051
CUST-0029,Mid-Market,Education,Growth,North America,17,361.95,6,1,7.5,0.506,2,2,1,29,0,0.124
CUST-0030,SMB,Logistics,Pro,Asia-Pacific,24,245.71,7,2,7.5,0.18,4,1,1,41,0,0.189
CUST-0031,SMB,SaaS,Starter,North America,37,229.93,30,2,2.9,0.867,1,0,1,50,0,0.008
CUST-0032,Mid-Market,Logistics,Growth,Africa,10,642.79,22,2,6.7,0.401,8,0,1,14,0,0.003
CUST-0033,SMB,SaaS,Starter,Asia-Pacific,18,444.89,9,1,2.3,0.741,4,1,1,19,0,0.018
CUST-0034,SMB,Logistics,Enterprise,Africa,38,1193.08,24,2,9.1,0.741,6,0,0,18,0,0.003
CUST-0035,SMB,Logistics,Pro,Asia-Pacific,30,450.43,14,3,6.7,0.435,7,0,1,60,0,0.054
CUST-0036,Enterprise,SaaS,Pro,North America,45,959.85,26,3,6.1,0.252,9,0,0,36,0,0.008
CUST-0037,Mid-Market,Financial Services,Growth,North America,18,542.15,9,2,15.0,0.653,3,1,1,43,0,0.14
CUST-0038,SMB,Retail,Enterprise,Europe,34,3201.04,9,1,5.9,0.705,3,0,1,17,0,0.014
CUST-0039,Mid-Market,Retail,Starter,North America,29,737.58,9,4,21.0,0.787,3,0,1,24,0,0.102
CUST-0040,SMB,Healthcare,Pro,Asia-Pacific,13,1064.39,17,3,7.1,0.507,7,0,1,37,0,0.015
CUST-0041,SMB,Education,Starter,Europe,45,222.47,23,3,6.8,0.262,6,0,0,27,0,0.02
CUST-0042,SMB,Healthcare,Pro,Africa,36,411.21,18,3,0.6,0.794,10,0,0,28,0,0.002
CUST-0043,Mid-Market,Retail,Starter,Europe,13,595.73,20,1,5.8,0.896,7,0,0,15,0,0.003
CUST-0044,SMB,Healthcare,Starter,Europe,25,275.09,18,1,8.5,0.436,6,0,0,16,0,0.014
CUST-0045,SMB,Education,Enterprise,North America,37,2964.88,14,0,2.1,0.101,4,1,1,50,0,0.094
CUST-0046,Mid-Market,Retail,Starter,North America,10,656.53,12,0,2.2,0.264,1,1,0,11,0,0.055
CUST-0047,SMB,Logistics,Enterprise,North America,11,2912.8,6,0,2.5,0.442,9,0,1,28,0,0.013
CUST-0048,Enterprise,SaaS,Pro,North America,9,1181.2,17,1,8.8,0.479,2,0,0,44,0,0.061
CUST-0049,SMB,Retail,Pro,Europe,1,355.89,6,4,11.2,0.301,4,0,1,19,0,0.085
CUST-0050,Mid-Market,Healthcare,Pro,North America,23,383.06,2,3,9.2,0.593,6,0,1,59,0,0.159
CUST-0051,SMB,Logistics,Enterprise,Asia-Pacific,40,733.76,1,1,2.4,0.229,6,0,1,42,0,0.101
CUST-0052,SMB,Retail,Starter,North America,25,318.04,24,3,14.1,0.713,10,0,1,43,0,0.009
CUST-0053,Mid-Market,Logistics,Enterprise,North America,34,1737.68,6,3,14.2,0.392,1,1,1,35,0,0.297
CUST-0054,Mid-Market,SaaS,Growth,Asia-Pacific,16,713.32,0,2,12.0,0.162,6,1,1,33,0,0.27
CUST-0055,SMB,Logistics,Starter,Europe,48,271.87,2,2,12.7,0.436,10,1,1,53,0,0.209
CUST-0056,SMB,Healthcare,Enterprise,North America,46,1811.6,21,1,1.6,0.353,0,0,1,39,0,0.027
CUST-0057,SMB,Education,Starter,Africa,31,426.54,10,2,8.9,0.573,8,1,1,34,0,0.04
CUST-0058,Mid-Market,Retail,Growth,North America,38,219.52,0,3,6.4,0.189,7,1,1,7,0,0.063
CUST-0059,Mid-Market,Retail,Pro,North America,12,342.62,22,3,22.6,0.413,6,0,1,0,0,0.012
CUST-0060,Mid-Market,Healthcare,Starter,Asia-Pacific,7,410.85,19,1,10.7,0.237,3,1,0,31,0,0.1
CUST-0061,Enterprise,Financial Services,Pro,Asia-Pacific,40,753.08,24,1,5.9,0.182,9,0,0,28,0,0.007
CUST-0062,Mid-Market,Retail,Pro,Africa,22,574.4,2,2,5.3,0.6,2,0,1,26,0,0.062
CUST-0063,SMB,Healthcare,Pro,North America,41,521.9,29,3,12.8,0.695,0,0,1,25,0,0.01
CUST-0064,SMB,SaaS,Starter,Europe,18,426.34,4,2,4.0,0.58,3,2,0,1,0,0.054
CUST-0065,Mid-Market,Financial Services,Pro,North America,16,304.3,13,7,4.0,0.855,7,0,1,60,0,0.025
CUST-0066,SMB,SaaS,Pro,North America,45,284.31,28,3,7.2,0.146,10,0,1,26,0,0.004
CUST-0067,Enterprise,SaaS,Starter,Asia-Pacific,1,1037.53,13,2,5.4,0.298,0,0,0,7,0,0.052
CUST-0068,Enterprise,Logistics,Enterprise,North America,8,6434.9,24,2,8.0,0.369,8,0,1,9,0,0.003
CUST-0069,Enterprise,SaaS,Enterprise,North America,13,5845.7,18,2,9.5,0.614,9,2,1,24,0,0.01
CUST-0070,SMB,Financial Services,Growth,Africa,34,371.33,30,0,14.0,0.693,2,0,1,32,0,0.008
CUST-0071,Enterprise,Retail,Enterprise,Europe,46,8280.9,23,2,2.4,0.424,6,2,1,3,0,0.004
CUST-0072,SMB,SaaS,Enterprise,Europe,45,1257.0,2,2,8.3,0.212,3,1,1,35,0,0.265
CUST-0073,SMB,Logistics,Starter,North America,48,242.36,14,3,12.3,0.674,5,1,1,2,0,0.015
CUST-0074,SMB,Financial Services,Pro,North America,28,308.83,4,1,2.2,0.68,2,0,0,30,1,0.045
CUST-0075,Mid-Market,SaaS,Enterprise,North America,31,1739.04,5,2,13.7,0.242,7,1,0,38,0,0.222
CUST-0076,Mid-Market,Healthcare,Pro,North America,13,466.43,12,4,3.7,0.491,8,1,0,14,0,0.012
CUST-0077,SMB,Financial Services,Starter,North America,14,566.15,4,0,10.5,0.281,2,0,1,4,0,0.083
CUST-0078,SMB,Healthcare,Growth,Asia-Pacific,31,356.59,19,2,5.9,0.722,1,1,1,50,0,0.041
CUST-0079,SMB,Logistics,Growth,Africa,18,165.07,26,5,8.2,0.765,5,0,1,1,0,0.001
CUST-0080,SMB,SaaS,Growth,Europe,9,376.02,19,0,12.3,0.351,10,0,0,36,0,0.015
CUST-0081,SMB,SaaS,Growth,North America,14,481.23,25,5,8.0,0.419,7,0,1,21,0,0.005
CUST-0082,SMB,Logistics,Starter,Europe,22,416.12,24,1,7.1,0.642,7,0,1,8,0,0.002
CUST-0083,SMB,Financial Services,Starter,North America,38,415.55,12,6,16.1,0.493,6,1,0,54,0,0.305
CUST-0084,Mid-Market,SaaS,Growth,North America,29,266.46,18,3,17.6,0.447,2,1,1,41,0,0.139
CUST-0085,Mid-Market,Education,Growth,Europe,41,326.59,17,4,20.1,0.558,5,0,1,46,0,0.086
CUST-0086,Mid-Market,Retail,Growth,Europe,5,588.71,29,3,14.5,0.114,7,0,1,6,0,0.006
CUST-0087,SMB,Education,Enterprise,Asia-Pacific,5,1484.4,23,1,0.7,0.481,9,0,0,5,0,0.001
CUST-0088,Mid-Market,Retail,Starter,Africa,30,356.11,23,4,3.1,0.258,7,0,1,47,0,0.022
CUST-0089,Enterprise,Logistics,Growth,North America,1,645.05,21,2,13.7,0.352,10,1,1,27,0,0.013
CUST-0090,Mid-Market,Retail,Enterprise,North America,33,1977.28,21,0,2.6,0.771,5,0,0,19,0,0.003
CUST-0091,Mid-Market,SaaS,Pro,North America,31,184.07,11,6,2.8,0.291,8,0,1,1,0,0.007
CUST-0092,Enterprise,SaaS,Starter,North America,3,1181.2,26,1,6.9,0.585,10,1,1,8,0,0.002
CUST-0093,SMB,Logistics,Pro,Europe,35,496.59,20,6,9.2,0.379,1,1,1,52,0,0.146
CUST-0094,Enterprise,Education,Starter,North America,14,766.4,24,2,11.2,0.36,7,1,1,52,0,0.048
CUST-0095,SMB,Education,Enterprise,North America,22,709.2,29,2,4.7,0.14,3,2,1,15,0,0.013
CUST-0096,SMB,Logistics,Starter,Europe,48,388.4,17,3,12.4,0.221,4,0,1,48,0,0.148
CUST-0097,Mid-Market,Retail,Growth,Asia-Pacific,7,438.07,29,3,9.4,0.646,8,0,1,49,0,0.005
CUST-0098,Mid-Market,Healthcare,Growth,Africa,33,618.7,29,4,4.4,0.408,6,0,0,37,0,0.007
CUST-0099,SMB,Retail,Growth,North America,7,396.71,24,2,8.2,0.152,1,0,1,43,0,0.059
CUST-0100,Mid-Market,SaaS,Starter,North America,11,414.13,0,1,8.9,0.688,4,0,1,57,0,0.224
CUST-0101,SMB,Financial Services,Growth,North America,23,297.27,29,0,8.3,0.221,1,0,0,46,0,0.039
CUST-0102,SMB,Logistics,Growth,North America,48,622.22,13,3,9.8,0.145,9,1,1,10,0,0.021
CUST-0103,Mid-Market,SaaS,Growth,Asia-Pacific,37,301.21,23,3,3.2,0.712,2,0,0,17,0,0.005
CUST-0104,SMB,Healthcare,Growth,North America,27,483.11,24,4,1.1,0.203,3,0,0,7,0,0.007
CUST-0105,Mid-Market,Logistics,Growth,Africa,40,703.54,22,1,14.5,0.239,8,2,0,11,0,0.021
CUST-0106,Mid-Market,Education,Growth,Europe,48,510.37,4,3,2.7,0.521,9,0,0,58,0,0.068
CUST-0107,Enterprise,Education,Pro,Europe,1,1514.02,3,3,21.2,0.832,3,0,0,29,0,0.162
CUST-0108,Mid-Market,Logistics,Enterprise,Africa,12,1503.08,30,4,6.5,0.143,4,0,0,35,0,0.019
CUST-0109,SMB,Education,Growth,North America,31,909.63,9,4,5.5,0.386,5,0,1,40,0,0.062
CUST-0110,SMB,Logistics,Growth,North America,17,271.5,23,0,11.3,0.361,2,1,1,11,0,0.016
CUST-0111,SMB,SaaS,Growth,Africa,39,597.62,30,1,17.9,0.159,4,1,0,37,0,0.059
CUST-0112,SMB,Retail,Growth,North America,35,724.89,11,2,6.8,0.466,7,0,1,9,0,0.009
CUST-0113,Mid-Market,Financial Services,Growth,North America,35,241.56,27,3,16.0,0.223,1,2,0,4,0,0.045
CUST-0114,Mid-Market,Healthcare,Starter,North America,46,279.81,12,2,6.5,0.532,7,0,1,38,0,0.029
CUST-0115,Enterprise,Retail,Growth,North America,37,1208.35,28,1,7.3,0.285,3,1,1,18,0,0.01
CUST-0116,Enterprise,Education,Starter,North America,37,1298.95,10,3,3.7,0.177,6,0,1,45,0,0.098
CUST-0117,SMB,Financial Services,Pro,North America,9,83.42,27,1,9.9,0.288,5,0,0,51,0,0.031
CUST-0118,SMB,Retail,Enterprise,Asia-Pacific,31,2011.92,13,3,5.3,0.594,7,1,1,28,0,0.015
CUST-0119,Mid-Market,Logistics,Pro,North America,23,244.43,9,1,17.4,0.486,10,1,0,28,0,0.052
CUST-0120,SMB,Healthcare,Pro,North America,41,254.78,3,2,3.9,0.474,4,0,0,45,0,0.119
CUST-0121,SMB,Logistics,Starter,Africa,24,476.63,24,1,6.6,0.259,3,0,1,22,0,0.017
CUST-0122,Mid-Market,SaaS,Starter,Africa,28,751.91,29,1,3.5,0.798,9,0,1,7,0,0.0
CUST-0123,SMB,Logistics,Starter,Africa,14,233.87,6,3,9.5,0.494,3,0,0,47,1,0.24
CUST-0124,Mid-Market,Retail,Growth,Asia-Pacific,48,628.16,20,2,5.0,0.518,10,0,1,23,0,0.003
CUST-0125,Enterprise,Financial Services,Starter,North America,34,790.9,24,1,7.3,0.789,8,0,0,20,0,0.003
CUST-0126,SMB,Healthcare,Starter,North America,31,260.78,3,1,16.1,0.711,5,0,0,4,0,0.048
CUST-0127,Mid-Market,Retail,Enterprise,Africa,6,1571.6,8,2,15.0,0.546,7,1,1,42,0,0.097
CUST-0128,Mid-Market,Logistics,Growth,Asia-Pacific,45,248.31,6,2,2.8,0.153,6,1,1,31,0,0.077
CUST-0129,Enterprise,Healthcare,Starter,North America,23,1186.22,11,1,22.5,0.283,6,0,0,56,1,0.417
CUST-0130,SMB,SaaS,Growth,Africa,22,381.78,28,1,15.5,0.362,4,1,0,7,0,0.012
CUST-0131,SMB,Education,Pro,North America,1,307.06,30,3,6.9,0.521,5,0,0,51,0,0.012
CUST-0132,Enterprise,SaaS,Growth,North America,37,1046.5,16,1,1.4,0.253,2,0,0,19,0,0.022
CUST-0133,Enterprise,Healthcare,Starter,Africa,36,248.4,24,3,7.8,0.098,6,2,1,17,0,0.03
CUST-0134,SMB,SaaS,Growth,Africa,39,528.81,9,1,3.1,0.533,2,0,0,35,0,0.051
CUST-0135,SMB,Financial Services,Starter,North America,27,258.66,6,2,15.9,0.538,10,1,0,43,1,0.139
CUST-0136,Mid-Market,Logistics,Pro,North America,48,325.05,1,3,7.3,0.407,8,0,1,51,0,0.12
CUST-0137,Enterprise,Retail,Enterprise,Asia-Pacific,35,3757.2,9,6,8.8,0.025,2,1,1,34,0,0.313
CUST-0138,SMB,Retail,Starter,Europe,40,422.2,25,2,7.9,0.326,1,1,1,32,0,0.046
CUST-0139,Mid-Market,SaaS,Growth,Europe,23,770.29,30,2,2.3,0.624,0,0,0,0,0,0.002
CUST-0140,Mid-Market,SaaS,Pro,North America,13,491.85,29,1,4.7,0.38,4,0,0,9,0,0.003
CUST-0141,Mid-Market,Financial Services,Pro,Europe,44,478.42,10,4,2.7,0.789,4,1,0,6,0,0.01
CUST-0142,SMB,SaaS,Starter,North America,30,622.11,27,1,7.8,0.483,2,0,1,39,0,0.019
CUST-0143,SMB,Healthcare,Starter,North America,45,615.94,0,2,4.0,0.178,0,0,1,30,0,0.312
CUST-0144,SMB,Education,Growth,North America,28,313.67,22,1,25.3,0.336,9,0,0,2,0,0.013
CUST-0145,Mid-Market,Financial Services,Starter,Europe,5,809.07,4,1,6.4,0.348,9,0,1,7,0,0.018
CUST-0146,SMB,Logistics,Pro,Europe,21,387.12,15,2,8.7,0.358,1,0,1,37,1,0.074
CUST-0147,SMB,Education,Growth,Europe,21,275.71,1,2,10.7,0.188,6,0,1,34,0,0.171
CUST-0148,SMB,SaaS,Growth,North America,11,409.56,0,3,4.1,0.391,10,0,1,40,0,0.05
CUST-0149,SMB,Logistics,Pro,North America,6,429.7,21,0,2.1,0.669,3,0,0,59,0,0.021
CUST-0150,SMB,SaaS,Starter,Asia-Pacific,44,401.36,15,3,7.1,0.405,3,0,1,8,0,0.02
CUST-0151,SMB,Education,Growth,Asia-Pacific,35,218.65,19,1,12.4,0.151,5,1,1,52,0,0.122
CUST-0152,Mid-Market,SaaS,Growth,Asia-Pacific,8,378.29,23,1,14.3,0.763,3,2,0,42,1,0.045
CUST-0153,Mid-Market,Financial Services,Starter,North America,17,301.25,24,2,13.5,0.529,8,1,0,25,0,0.015
CUST-0154,SMB,Education,Pro,Europe,26,377.72,10,0,4.5,0.476,10,0,1,33,0,0.01
CUST-0155,SMB,Financial Services,Pro,Africa,15,471.88,12,2,7.3,0.533,10,1,1,4,0,0.005
CUST-0156,SMB,SaaS,Starter,North America,2,353.45,29,3,11.1,0.357,0,2,1,47,0,0.119
CUST-0157,Mid-Market,Logistics,Growth,Europe,40,206.08,8,1,6.9,0.395,0,0,1,29,0,0.091
CUST-0158,Enterprise,Logistics,Growth,Asia-Pacific,1,1206.0,25,1,1.7,0.448,7,1,1,46,1,0.008
CUST-0159,Enterprise,SaaS,Enterprise,Africa,43,3996.3,16,5,11.4,0.753,0,0,1,5,0,0.015
CUST-0160,SMB,Retail,Pro,Africa,47,439.26,26,3,2.8,0.584,1,1,1,58,0,0.032
CUST-0161,SMB,SaaS,Enterprise,North America,32,1149.16,2,2,1.5,0.396,1,0,0,45,0,0.198
CUST-0162,Enterprise,SaaS,Pro,North America,42,1810.55,14,2,4.9,0.163,10,1,1,5,0,0.008
CUST-0163,Enterprise,Financial Services,Pro,Africa,28,420.88,11,4,10.1,0.961,6,0,1,14,0,0.006
CUST-0164,SMB,Retail,Growth,Europe,31,395.67,30,7,11.0,0.46,8,1,0,18,0,0.006
CUST-0165,Mid-Market,Retail,Pro,North America,29,589.09,0,2,9.7,0.247,0,0,1,51,1,0.514
CUST-0166,Enterprise,Education,Growth,North America,39,625.85,4,2,5.7,0.757,10,0,1,2,0,0.004
CUST-0167,Mid-Market,Healthcare,Pro,North America,5,153.67,12,0,3.9,0.269,7,0,1,27,0,0.016
CUST-0168,Enterprise,Education,Pro,Europe,47,570.72,24,4,9.9,0.304,7,1,0,33,0,0.025
CUST-0169,SMB,Healthcare,Growth,North America,19,292.38,22,4,17.1,0.157,1,0,0,42,0,0.197
CUST-0170,SMB,Logistics,Starter,Europe,17,430.39,6,3,7.9,0.327,1,0,0,38,0,0.287
CUST-0171,SMB,Retail,Growth,North America,30,338.43,2,1,27.3,0.478,4,0,1,20,1,0.244
CUST-0172,SMB,Logistics,Pro,Europe,42,252.07,20,0,11.0,0.418,4,0,1,26,0,0.016
CUST-0173,Enterprise,Logistics,Pro,North America,19,812.35,24,2,9.0,0.526,6,0,1,22,0,0.005
CUST-0174,SMB,Retail,Starter,Asia-Pacific,6,406.21,3,1,11.3,0.511,10,0,1,24,0,0.035
CUST-0175,Mid-Market,Logistics,Starter,North America,36,285.31,16,1,4.0,0.408,7,0,0,27,0,0.016
CUST-0176,SMB,Education,Growth,North America,25,530.23,24,2,22.3,0.184,8,0,0,24,0,0.034
CUST-0177,SMB,Financial Services,Pro,Africa,22,253.47,16,3,1.5,0.596,9,1,0,59,0,0.024
CUST-0178,SMB,Retail,Starter,North America,38,329.17,14,4,7.7,0.752,1,0,0,50,0,0.105
CUST-0179,SMB,Retail,Enterprise,North America,7,1319.12,21,0,7.5,0.613,3,1,0,35,0,0.021
CUST-0180,Mid-Market,Education,Enterprise,North America,29,3403.32,1,4,7.3,0.604,8,1,1,41,0,0.082
CUST-0181,Mid-Market,SaaS,Starter,North America,13,883.05,30,1,23.3,0.045,7,1,1,27,0,0.054
CUST-0182,SMB,Education,Pro,North America,20,785.14,1,2,6.5,0.912,1,0,1,52,0,0.119
CUST-0183,Mid-Market,SaaS,Growth,North America,17,282.57,21,4,5.6,0.069,4,0,1,49,0,0.066
CUST-0184,SMB,Healthcare,Starter,Europe,11,858.87,29,2,18.4,0.493,5,1,1,14,0,0.013
CUST-0185,SMB,Financial Services,Starter,North America,16,357.57,11,0,4.2,0.401,5,0,1,29,0,0.03
CUST-0186,SMB,Logistics,Growth,North America,30,349.62,27,3,6.7,0.391,9,0,1,3,0,0.001
CUST-0187,SMB,Healthcare,Starter,North America,45,353.85,1,0,3.0,0.737,7,1,1,36,0,0.043
CUST-0188,SMB,Healthcare,Pro,Europe,32,498.45,12,3,8.6,0.798,4,0,1,59,0,0.056
CUST-0189,Enterprise,Education,Growth,Europe,4,1030.35,24,6,6.5,0.304,9,0,0,6,0,0.004
CUST-0190,Enterprise,Education,Growth,Asia-Pacific,34,1299.9,15,1,9.5,0.405,4,0,1,5,0,0.011
CUST-0191,SMB,Education,Pro,Africa,28,175.04,6,1,10.0,0.898,10,2,1,32,0,0.019
CUST-0192,SMB,Financial Services,Enterprise,North America,2,1699.24,21,1,7.6,0.42,4,1,1,21,0,0.014
CUST-0193,SMB,Logistics,Growth,North America,12,430.23,27,1,26.8,0.637,6,0,1,55,0,0.047
CUST-0194,SMB,Logistics,Growth,Africa,6,218.68,25,2,3.6,0.556,6,0,1,43,0,0.006
CUST-0195,SMB,Financial Services,Growth,Africa,7,421.8,1,1,2.4,0.064,10,0,1,22,0,0.035
CUST-0196,Mid-Market,Education,Growth,North America,4,338.53,17,3,14.0,0.315,7,0,1,48,0,0.062
CUST-0197,Enterprise,Healthcare,Enterprise,North America,9,3904.1,19,2,16.3,0.29,0,0,1,54,0,0.226
CUST-0198,SMB,Healthcare,Growth,Europe,1,124.65,11,1,12.3,0.226,7,0,1,29,0,0.048
CUST-0199,Mid-Market,Retail,Starter,North America,6,345.2,3,3,3.5,0.598,7,1,1,39,0,0.071
CUST-0200,Mid-Market,Healthcare,Starter,North America,22,495.77,4,6,9.0,0.618,5,1,1,34,0,0.139
CUST-0201,Mid-Market,Retail,Starter,North America,22,453.28,19,1,11.2,0.337,7,0,0,59,0,0.088
CUST-0202,SMB,SaaS,Starter,North America,9,161.79,14,6,3.4,0.443,7,1,1,4,0,0.011
CUST-0203,Mid-Market,Retail,Enterprise,Africa,5,573.68,22,2,6.4,0.083,3,0,0,38,0,0.053
CUST-0204,Enterprise,Retail,Pro,North America,29,1106.53,25,2,8.4,0.674,6,1,1,41,0,0.009
CUST-0205,Mid-Market,Education,Growth,Africa,46,467.7,24,2,6.8,0.752,2,0,1,25,0,0.006
CUST-0206,SMB,Financial Services,Enterprise,Africa,26,1576.76,1,0,9.3,0.611,8,1,1,48,0,0.092
CUST-0207,Mid-Market,Education,Growth,North America,34,779.13,16,3,9.8,0.628,1,0,1,10,0,0.015
CUST-0208,Mid-Market,SaaS,Pro,Asia-Pacific,7,351.4,21,1,8.7,0.526,1,1,1,17,0,0.017
CUST-0209,Mid-Market,Education,Starter,North America,16,401.7,13,2,9.0,0.185,3,0,0,24,0,0.101
CUST-0210,SMB,Healthcare,Growth,North America,8,246.76,12,1,18.4,0.551,0,0,1,3,0,0.045
CUST-0211,Enterprise,Education,Growth,North America,30,736.1,7,2,9.5,0.423,0,0,0,0,0,0.054
CUST-0212,Enterprise,Logistics,Pro,North America,33,409.92,9,0,7.7,0.522,7,0,0,52,0,0.058
CUST-0213,SMB,SaaS,Growth,North America,35,573.58,2,0,16.0,0.865,4,0,1,20,0,0.042
CUST-0214,Mid-Market,Healthcare,Growth,Africa,22,596.39,20,3,4.6,0.766,6,0,0,8,0,0.002
CUST-0215,SMB,Healthcare,Growth,Africa,14,776.5,3,0,10.4,0.658,8,0,1,9,0,0.012
CUST-0216,Enterprise,Retail,Growth,North America,33,920.48,3,4,4.7,0.63,6,0,1,24,0,0.027
CUST-0217,Mid-Market,Financial Services,Growth,North America,24,343.3,16,0,6.6,0.568,5,0,1,19,0,0.007
CUST-0218,Mid-Market,Healthcare,Enterprise,Asia-Pacific,39,1994.52,6,3,10.8,0.76,2,0,1,60,0,0.176
CUST-0219,Mid-Market,Logistics,Enterprise,North America,7,2527.8,15,1,15.1,0.752,8,0,1,7,0,0.004
CUST-0220,SMB,Healthcare,Growth,Europe,41,948.92,19,1,12.6,0.426,10,0,0,58,0,0.034
CUST-0221,SMB,Retail,Starter,Europe,46,844.24,17,2,14.0,0.862,2,0,1,20,0,0.019
CUST-0222,SMB,Financial Services,Starter,Europe,30,421.58,23,2,5.0,0.266,8,0,0,22,0,0.009
CUST-0223,Mid-Market,Logistics,Pro,North America,44,290.89,23,2,8.3,0.534,8,2,1,23,0,0.007
CUST-0224,SMB,Logistics,Enterprise,North America,46,938.6,13,2,10.7,0.722,6,1,0,41,0,0.042
CUST-0225,Enterprise,SaaS,Starter,North America,37,374.75,17,4,4.4,0.414,7,1,0,50,0,0.063
CUST-0226,SMB,Financial Services,Pro,Africa,42,186.68,27,3,13.1,0.514,5,1,1,51,0,0.032
CUST-0227,SMB,Healthcare,Enterprise,Africa,42,1440.52,14,4,4.7,0.131,10,0,1,8,0,0.007
CUST-0228,SMB,Logistics,Starter,Africa,38,198.33,26,4,8.2,0.27,9,0,1,27,0,0.008
CUST-0229,Mid-Market,Healthcare,Enterprise,North America,41,1667.08,10,3,10.2,0.525,1,1,0,53,1,0.277
CUST-0230,Mid-Market,Logistics,Growth,North America,10,466.83,12,2,4.7,0.229,6,0,1,26,0,0.026
CUST-0231,Mid-Market,Logistics,Pro,Asia-Pacific,5,736.93,6,2,0.3,0.246,0,1,1,42,0,0.198
CUST-0232,SMB,Retail,Pro,North America,33,356.87,19,1,9.1,0.565,3,1,1,58,0,0.068
CUST-0233,Mid-Market,Retail,Pro,North America,31,652.21,18,0,9.7,0.525,6,0,1,35,0,0.014
CUST-0234,SMB,Retail,Enterprise,North America,11,2086.76,3,4,1.3,0.649,4,0,0,18,0,0.028
CUST-0235,Enterprise,Education,Pro,North America,46,466.78,14,1,5.5,0.269,8,0,0,41,0,0.031
CUST-0236,Mid-Market,Education,Growth,Africa,42,335.07,6,3,14.2,0.553,1,0,1,35,0,0.17
CUST-0237,SMB,Financial Services,Growth,Asia-Pacific,28,633.41,4,3,13.7,0.311,3,0,1,19,0,0.133
CUST-0238,Mid-Market,Education,Enterprise,Europe,28,1538.0,11,1,1.2,0.534,4,1,1,34,0,0.027
CUST-0239,Mid-Market,SaaS,Starter,North America,9,350.3,21,0,16.0,0.107,8,0,1,23,0,0.029
CUST-0240,SMB,Retail,Growth,Asia-Pacific,10,628.81,0,1,9.4,0.38,3,0,1,19,0,0.102
CUST-0241,Enterprise,Logistics,Starter,North America,10,1953.55,6,0,3.9,0.844,1,1,0,39,0,0.09
CUST-0242,SMB,Financial Services,Growth,North America,33,575.88,7,4,6.2,0.39,4,0,1,55,0,0.156
CUST-0243,Enterprise,Healthcare,Growth,North America,11,733.78,11,4,16.9,0.469,6,1,0,57,0,0.271
CUST-0244,Enterprise,Logistics,Starter,Asia-Pacific,23,397.02,9,4,22.2,0.833,1,2,1,49,0,0.471
CUST-0245,SMB,Healthcare,Growth,North America,18,672.04,2,2,5.6,0.143,10,0,0,7,0,0.027
CUST-0246,Mid-Market,SaaS,Growth,Africa,45,347.34,24,1,18.5,0.699,10,0,1,16,0,0.003
CUST-0247,SMB,Healthcare,Growth,Europe,10,44.43,0,0,9.5,0.658,8,2,0,40,1,0.119
CUST-0248,Mid-Market,SaaS,Pro,Europe,43,340.45,1,0,1.5,0.447,3,0,0,36,0,0.092
CUST-0249,Mid-Market,Healthcare,Growth,Africa,46,739.14,14,3,15.7,0.603,5,0,1,6,0,0.014
CUST-0250,SMB,Education,Growth,North America,7,454.98,1,1,15.4,0.154,9,0,1,2,0,0.048
CUST-0251,Enterprise,Logistics,Pro,North America,8,1154.5,8,2,14.6,0.395,2,0,0,54,1,0.346
CUST-0252,SMB,Education,Growth,Asia-Pacific,29,195.9,1,2,3.0,0.568,5,1,1,24,0,0.047
CUST-0253,Mid-Market,Financial Services,Growth,Europe,38,390.63,0,1,26.0,0.185,2,0,1,55,1,0.8
CUST-0254,SMB,Financial Services,Starter,North America,10,206.61,2,3,9.4,0.635,2,0,1,27,1,0.124
CUST-0255,SMB,Healthcare,Enterprise,Europe,46,1291.44,7,1,3.5,0.621,4,1,1,57,0,0.093
CUST-0256,Mid-Market,Retail,Starter,Africa,5,622.52,30,2,5.2,0.253,2,0,0,10,0,0.008
CUST-0257,Mid-Market,Financial Services,Growth,Africa,42,473.96,29,0,10.1,0.304,9,0,0,50,0,0.011
CUST-0258,Enterprise,Healthcare,Growth,Europe,42,1114.03,29,2,2.5,0.627,4,1,0,56,0,0.014
CUST-0259,Mid-Market,Financial Services,Enterprise,Europe,19,549.8,22,3,6.9,0.09,6,0,1,51,0,0.046
CUST-0260,SMB,SaaS,Growth,North America,30,314.64,11,4,1.4,0.498,6,0,1,47,0,0.031
CUST-0261,Enterprise,Logistics,Starter,Europe,42,1385.1,8,4,7.1,0.124,7,1,0,20,0,0.11
CUST-0262,SMB,Retail,Pro,Asia-Pacific,11,182.14,21,2,5.8,0.397,0,0,1,19,0,0.018
CUST-0263,SMB,Financial Services,Enterprise,Asia-Pacific,20,1662.6,4,1,8.7,0.478,4,1,1,55,0,0.222
CUST-0264,Mid-Market,Retail,Growth,North America,35,371.8,29,2,8.8,0.815,1,0,1,54,0,0.013
CUST-0265,SMB,Financial Services,Enterprise,North America,45,2007.12,19,3,13.4,0.5,7,0,0,51,0,0.046
CUST-0266,SMB,Retail,Growth,North America,39,51.54,12,2,8.2,0.331,0,0,0,59,0,0.288
CUST-0267,Enterprise,Logistics,Enterprise,North America,12,1876.7,17,1,10.5,0.132,1,1,1,41,0,0.165
CUST-0268,SMB,Education,Starter,North America,13,294.67,24,1,10.4,0.21,3,3,0,35,1,0.141
CUST-0269,Enterprise,Financial Services,Pro,North America,47,725.28,23,3,4.2,0.144,5,0,1,37,0,0.02
CUST-0270,Mid-Market,Education,Enterprise,Europe,44,1044.28,6,2,17.4,0.299,4,1,0,20,0,0.209
CUST-0271,SMB,Logistics,Starter,North America,44,768.76,27,3,8.6,0.3,2,0,1,43,0,0.042
CUST-0272,SMB,Retail,Pro,Africa,30,644.21,8,3,6.7,0.843,6,1,1,0,0,0.006
CUST-0273,SMB,Logistics,Growth,North America,43,352.9,4,1,12.7,0.462,10,0,0,12,0,0.023
CUST-0274,Enterprise,SaaS,Growth,Asia-Pacific,26,542.98,18,2,3.6,0.359,0,1,1,53,0,0.107
CUST-0275,SMB,SaaS,Starter,North America,27,168.12,29,2,13.6,0.665,6,0,1,36,0,0.008
CUST-0276,SMB,Retail,Pro,Asia-Pacific,39,594.78,24,3,6.7,0.427,8,0,0,11,0,0.003
CUST-0277,SMB,Financial Services,Growth,Africa,14,550.16,27,5,4.0,0.874,4,0,0,27,0,0.003
CUST-0278,Enterprise,SaaS,Growth,Asia-Pacific,8,1308.72,15,3,3.3,0.348,3,1,1,3,0,0.014
CUST-0279,SMB,Logistics,Starter,North America,6,703.69,30,3,20.1,0.581,5,4,0,0,0,0.026
CUST-0280,Mid-Market,Financial Services,Starter,North America,19,482.94,9,1,6.4,0.624,6,0,1,44,0,0.043
CUST-0281,SMB,Logistics,Starter,Europe,16,363.0,3,1,5.1,0.261,9,0,0,59,0,0.187
CUST-0282,Enterprise,Healthcare,Pro,North America,7,2016.62,26,1,6.3,0.662,1,1,0,27,0,0.012
CUST-0283,Mid-Market,SaaS,Starter,North America,48,620.65,10,4,14.6,0.469,0,0,0,29,0,0.243
CUST-0284,SMB,SaaS,Growth,Europe,42,776.74,4,0,11.1,0.362,4,0,0,40,0,0.175
CUST-0285,Enterprise,SaaS,Growth,North America,12,1195.42,13,1,13.1,0.206,7,1,1,51,1,0.138
CUST-0286,SMB,Financial Services,Starter,Africa,40,672.16,23,2,17.2,0.722,9,1,0,15,0,0.008
CUST-0287,Mid-Market,Retail,Growth,Europe,31,250.0,14,4,16.3,0.212,10,0,1,30,0,0.041
CUST-0288,Mid-Market,SaaS,Growth,Europe,32,364.22,18,4,3.6,0.378,7,0,0,44,0,0.024
CUST-0289,SMB,Healthcare,Pro,Africa,27,335.08,24,4,15.5,0.383,4,0,0,59,0,0.107
CUST-0290,SMB,Logistics,Growth,Asia-Pacific,15,438.93,4,2,3.8,0.026,2,0,1,29,0,0.167
CUST-0291,SMB,Retail,Growth,North America,40,506.97,17,4,1.9,0.649,7,0,1,20,0,0.004
CUST-0292,SMB,SaaS,Enterprise,North America,45,1391.28,12,0,7.3,0.153,0,1,0,27,1,0.159
CUST-0293,SMB,Healthcare,Starter,North America,28,227.06,8,0,9.2,0.531,7,0,0,42,0,0.068
CUST-0294,SMB,Financial Services,Pro,Asia-Pacific,38,239.98,28,0,8.5,0.283,2,0,1,48,0,0.027
CUST-0295,Enterprise,SaaS,Pro,North America,22,758.8,10,2,3.7,0.509,9,1,1,60,0,0.048
CUST-0296,SMB,Education,Growth,Africa,35,139.29,3,0,12.7,0.416,10,0,1,38,0,0.055
CUST-0297,Mid-Market,Financial Services,Pro,North America,3,266.44,13,5,7.2,0.409,1,1,1,21,0,0.067
CUST-0298,SMB,Retail,Pro,Asia-Pacific,12,384.33,9,2,3.9,0.555,9,0,1,35,0,0.013
CUST-0299,SMB,Logistics,Growth,North America,4,633.81,18,2,11.7,0.483,1,0,1,28,0,0.039
CUST-0300,Mid-Market,Retail,Growth,Africa,41,524.3,30,4,30.3,0.374,6,0,1,52,0,0.094
CUST-0301,Enterprise,Healthcare,Starter,North America,25,559.08,1,2,8.8,0.699,6,2,0,43,0,0.22
CUST-0302,SMB,Education,Pro,Asia-Pacific,20,550.42,27,3,5.4,0.543,6,0,1,47,0,0.008
CUST-0303,SMB,Financial Services,Enterprise,North America,48,2601.92,2,1,7.6,0.574,8,0,1,35,0,0.037
CUST-0304,Enterprise,SaaS,Growth,Europe,32,2317.43,0,5,2.6,0.761,3,0,1,10,0,0.024
CUST-0305,SMB,Logistics,Growth,Europe,10,355.7,16,2,16.8,0.461,6,2,0,31,0,0.089
CUST-0306,SMB,Healthcare,Pro,North America,39,196.1,29,1,6.0,0.23,3,0,0,56,0,0.035
CUST-0307,Mid-Market,Retail,Pro,Europe,39,739.4,5,1,0.7,0.247,5,0,1,31,0,0.046
CUST-0308,Enterprise,Healthcare,Pro,North America,39,1341.7,21,3,3.7,0.808,2,0,0,37,0,0.011
CUST-0309,Enterprise,Logistics,Pro,Africa,37,618.33,1,2,8.6,0.252,7,0,0,26,0,0.103
CUST-0310,Mid-Market,Financial Services,Pro,Europe,17,291.05,24,6,8.1,0.808,8,0,1,37,0,0.004
CUST-0311,SMB,Healthcare,Pro,North America,45,447.51,3,4,1.9,0.545,8,0,0,1,0,0.009
CUST-0312,Enterprise,Education,Starter,North America,15,1693.25,24,0,3.2,0.446,1,0,1,60,0,0.047
CUST-0313,Enterprise,Retail,Growth,North America,46,539.45,10,0,7.8,0.475,3,0,0,51,0,0.11
CUST-0314,Enterprise,SaaS,Pro,North America,46,858.4,26,3,5.9,0.437,6,0,1,0,0,0.002
CUST-0315,Mid-Market,SaaS,Growth,North America,35,445.83,11,5,8.3,0.733,2,0,1,53,0,0.089
CUST-0316,SMB,Retail,Starter,Africa,43,288.58,18,4,18.7,0.285,8,0,1,20,0,0.039
CUST-0317,SMB,Financial Services,Growth,Europe,31,529.86,23,2,3.4,0.271,8,1,1,49,0,0.017
CUST-0318,Mid-Market,Retail,Growth,Asia-Pacific,38,485.4,2,2,11.5,0.63,3,0,1,7,0,0.041
CUST-0319,Mid-Market,Financial Services,Starter,Africa,48,375.84,18,0,5.8,0.222,6,2,1,36,0,0.056
CUST-0320,Enterprise,Retail,Pro,Africa,18,521.9,30,1,0.9,0.518,10,0,0,38,0,0.001
CUST-0321,SMB,Healthcare,Pro,North America,39,521.97,10,1,1.9,0.651,1,0,1,43,0,0.041
CUST-0322,Mid-Market,Retail,Starter,Europe,18,430.35,22,0,4.5,0.379,9,0,1,1,0,0.002
CUST-0323,SMB,Retail,Starter,North America,8,685.48,9,1,10.2,0.097,3,0,1,46,0,0.284
CUST-0324,Mid-Market,Logistics,Starter,North America,45,216.32,17,0,14.0,0.693,0,1,1,29,0,0.068
CUST-0325,SMB,Education,Growth,North America,6,383.43,1,0,22.5,0.63,5,0,0,38,0,0.249
CUST-0326,SMB,Healthcare,Enterprise,Europe,9,1437.84,5,2,5.4,0.233,6,0,1,51,0,0.132
CUST-0327,SMB,Retail,Growth,North America,46,515.57,12,4,3.0,0.459,3,1,1,27,0,0.038
CUST-0328,SMB,Education,Enterprise,North America,9,3743.96,8,1,4.7,0.688,3,0,1,29,0,0.024
CUST-0329,Enterprise,Healthcare,Starter,North America,24,1607.18,27,3,14.7,0.718,2,1,0,11,0,0.015
CUST-0330,SMB,Healthcare,Starter,Asia-Pacific,36,439.62,8,3,14.0,0.502,0,0,0,11,0,0.134
CUST-0331,Enterprise,Logistics,Growth,North America,12,774.0,3,1,7.4,0.125,1,1,0,58,1,0.61
CUST-0332,Mid-Market,Financial Services,Starter,Asia-Pacific,5,408.23,21,3,1.8,0.164,5,1,1,25,0,0.024
CUST-0333,SMB,Healthcare,Starter,Asia-Pacific,21,433.57,7,3,13.6,0.355,9,1,1,2,0,0.034
CUST-0334,Mid-Market,Education,Pro,Europe,24,454.43,6,1,6.4,0.054,8,0,1,38,0,0.08
CUST-0335,SMB,Logistics,Growth,Asia-Pacific,38,800.96,10,1,15.9,0.451,9,0,1,28,0,0.03
CUST-0336,Enterprise,Logistics,Pro,Asia-Pacific,30,1631.65,0,3,16.9,0.73,6,1,1,24,0,0.105
CUST-0337,SMB,Healthcare,Starter,Africa,26,304.02,25,2,9.5,0.427,0,0,0,53,0,0.1
CUST-0338,Mid-Market,Education,Growth,Africa,36,476.92,7,5,3.2,0.42,9,2,1,0,0,0.013
CUST-0339,SMB,Education,Enterprise,North America,28,3064.8,3,5,7.3,0.542,8,1,0,57,0,0.182
CUST-0340,SMB,SaaS,Growth,North America,27,739.86,23,3,4.9,0.686,2,2,0,14,0,0.011
CUST-0341,Enterprise,SaaS,Starter,North America,20,1717.32,10,2,3.3,0.418,7,1,1,3,0,0.012
CUST-0342,Mid-Market,SaaS,Growth,North America,22,509.64,24,1,14.7,0.28,8,2,1,25,0,0.021
CUST-0343,Mid-Market,Healthcare,Starter,Europe,34,814.85,2,2,22.3,0.624,0,0,1,3,1,0.19
CUST-0344,Mid-Market,Retail,Starter,North America,12,457.32,1,3,2.6,0.772,3,1,1,19,0,0.051
CUST-0345,SMB,SaaS,Growth,Africa,14,640.65,14,1,9.5,0.419,2,1,1,10,0,0.03
CUST-0346,Enterprise,SaaS,Starter,North America,43,1685.45,13,3,3.3,0.418,8,1,0,8,0,0.013
CUST-0347,Enterprise,Education,Starter,Europe,34,820.92,2,3,12.3,0.487,1,0,1,29,0,0.251
CUST-0348,SMB,SaaS,Starter,North America,30,581.46,23,2,4.9,0.678,7,0,0,47,0,0.011
CUST-0349,Mid-Market,Logistics,Starter,North America,35,300.35,19,3,8.8,0.535,4,0,0,57,0,0.084
CUST-0350,SMB,Financial Services,Growth,Africa,33,228.26,7,2,10.5,0.429,10,0,1,0,0,0.008
CUST-0351,Mid-Market,Healthcare,Starter,North America,15,200.97,27,2,9.4,0.446,7,0,0,51,0,0.022
CUST-0352,SMB,Healthcare,Growth,Europe,11,116.68,11,1,1.2,0.675,4,0,1,58,0,0.035
CUST-0353,Mid-Market,SaaS,Growth,North America,47,711.45,0,3,4.5,0.669,7,0,0,18,0,0.026
CUST-0354,Mid-Market,Logistics,Starter,Europe,31,410.29,7,3,4.0,0.698,8,0,1,48,0,0.035
CUST-0355,Mid-Market,Healthcare,Starter,North America,24,967.0,28,1,22.7,0.149,10,0,1,24,0,0.019
CUST-0356,SMB,Retail,Starter,North America,29,405.5,2,2,3.6,0.452,6,0,1,35,1,0.073
CUST-0357,Enterprise,Financial Services,Enterprise,Europe,48,5420.6,22,2,18.5,0.355,2,0,0,32,0,0.078
CUST-0358,SMB,Healthcare,Growth,Europe,5,322.36,7,1,10.0,0.405,10,0,0,31,0,0.032
CUST-0359,Mid-Market,Retail,Growth,Europe,48,261.09,24,1,2.6,0.755,3,0,0,21,0,0.003
CUST-0360,Mid-Market,Logistics,Pro,North America,32,534.03,16,1,12.4,0.553,7,4,0,20,0,0.05
CUST-0361,SMB,Logistics,Pro,Africa,13,373.07,18,1,14.6,0.22,1,1,1,5,0,0.048
CUST-0362,Mid-Market,SaaS,Pro,North America,41,595.17,11,1,3.7,0.513,5,0,0,58,0,0.066
CUST-0363,Mid-Market,Retail,Enterprise,Asia-Pacific,38,991.84,20,1,8.4,0.293,7,0,1,5,0,0.005
CUST-0364,Mid-Market,Education,Growth,Asia-Pacific,39,415.63,20,5,19.8,0.563,7,0,0,47,0,0.063
CUST-0365,Enterprise,Logistics,Starter,Africa,36,960.95,0,1,3.4,0.455,7,1,0,22,0,0.073
CUST-0366,SMB,Retail,Growth,North America,29,390.41,5,2,10.5,0.489,7,1,1,42,1,0.1
CUST-0367,SMB,Retail,Growth,Europe,26,595.41,3,0,3.0,0.381,4,1,0,9,0,0.042
CUST-0368,SMB,Logistics,Pro,Asia-Pacific,25,529.51,28,2,9.2,0.619,3,0,1,28,0,0.006
CUST-0369,Mid-Market,Healthcare,Starter,Africa,44,476.37,18,1,8.5,0.335,5,0,0,12,0,0.018
CUST-0370,SMB,Financial Services,Pro,Europe,47,324.57,1,0,8.6,0.462,1,3,0,21,0,0.293
CUST-0371,SMB,Healthcare,Starter,North America,39,580.71,13,2,13.1,0.328,9,0,1,11,0,0.018
CUST-0372,SMB,Logistics,Growth,North America,18,443.2,3,5,13.6,0.8,7,0,1,41,0,0.07
CUST-0373,SMB,Logistics,Growth,Europe,42,142.32,18,5,1.3,0.571,3,0,1,12,0,0.006
CUST-0374,SMB,SaaS,Starter,Europe,15,497.89,6,5,2.5,0.497,3,1,1,45,0,0.167
CUST-0375,SMB,Healthcare,Pro,Europe,8,196.37,13,4,18.5,0.25,2,1,1,18,0,0.164
CUST-0376,SMB,Healthcare,Pro,North America,9,321.21,26,5,4.6,0.363,6,0,0,28,0,0.008
CUST-0377,SMB,Logistics,Starter,North America,5,391.57,8,2,19.4,0.391,8,0,1,25,0,0.088
CUST-0378,Enterprise,SaaS,Pro,Asia-Pacific,44,2357.57,7,5,3.8,0.777,0,0,1,44,1,0.081
CUST-0379,SMB,Retail,Enterprise,North America,42,1900.88,23,4,4.6,0.258,5,0,0,26,0,0.014
CUST-0380,Mid-Market,Education,Growth,Asia-Pacific,22,302.16,18,1,5.6,0.563,4,3,0,6,0,0.016
CUST-0381,Mid-Market,Financial Services,Growth,North America,47,543.61,14,3,11.9,0.455,3,0,1,2,0,0.017
CUST-0382,SMB,SaaS,Pro,Europe,44,120.46,21,5,8.8,0.545,2,1,1,6,0,0.012
CUST-0383,SMB,SaaS,Growth,Europe,28,496.57,11,4,9.5,0.397,2,0,1,24,0,0.064
CUST-0384,Enterprise,Retail,Growth,Africa,8,1114.58,22,1,8.8,0.347,3,0,1,21,0,0.014
CUST-0385,SMB,Healthcare,Pro,Africa,25,354.02,29,3,3.7,0.696,2,1,0,23,0,0.005
CUST-0386,Mid-Market,Financial Services,Growth,Africa,32,250.45,19,2,11.4,0.768,4,0,1,18,0,0.007
CUST-0387,Enterprise,Education,Pro,Africa,40,1067.97,11,2,7.7,0.49,5,0,0,37,0,0.048
CUST-0388,SMB,SaaS,Growth,North America,43,354.06,11,1,7.1,0.787,3,0,1,49,0,0.038
CUST-0389,Enterprise,Logistics,Growth,North America,23,722.62,7,1,13.8,0.598,2,0,1,54,1,0.197
CUST-0390,Mid-Market,Financial Services,Growth,North America,12,619.97,8,3,4.1,0.535,9,1,0,19,0,0.016
CUST-0391,Mid-Market,SaaS,Pro,North America,37,775.34,5,4,0.7,0.327,10,0,1,38,0,0.027
CUST-0392,Mid-Market,Financial Services,Starter,Africa,45,527.17,29,2,5.9,0.352,10,0,0,32,0,0.005
CUST-0393,SMB,SaaS,Growth,Europe,42,635.65,22,1,9.6,0.776,3,2,0,48,0,0.041
CUST-0394,Mid-Market,Financial Services,Growth,Africa,8,448.35,29,4,5.2,0.064,10,0,1,26,0,0.004
CUST-0395,SMB,SaaS,Starter,Europe,9,334.26,7,3,7.5,0.693,5,0,1,33,0,0.045
CUST-0396,Enterprise,SaaS,Pro,Europe,7,1147.97,0,4,4.4,0.341,2,0,0,19,1,0.134
CUST-0397,Mid-Market,Financial Services,Growth,North America,8,727.67,23,0,9.3,0.171,5,0,1,55,0,0.047
CUST-0398,SMB,Financial Services,Starter,Asia-Pacific,5,257.96,2,5,8.2,0.213,1,1,1,29,0,0.42
CUST-0399,SMB,Education,Pro,Africa,39,409.66,15,3,1.2,0.838,9,1,1,48,0,0.008
CUST-0400,Enterprise,Healthcare,Pro,Africa,44,1204.0,5,0,4.3,0.467,7,1,0,45,0,0.076
CUST-0401,Mid-Market,Retail,Enterprise,Asia-Pacific,19,451.12,5,3,7.9,0.613,8,0,1,7,0,0.01
CUST-0402,Mid-Market,Financial Services,Pro,North America,26,312.26,1,3,3.0,0.416,6,2,1,13,0,0.054
CUST-0403,SMB,Healthcare,Growth,North America,1,177.6,10,2,10.3,0.629,10,0,1,0,0,0.004
CUST-0404,SMB,Education,Pro,Europe,12,873.58,15,2,19.1,0.242,4,0,1,18,0,0.067
CUST-0405,Enterprise,Education,Growth,North America,45,794.78,30,3,21.8,0.79,3,0,1,31,0,0.013
CUST-0406,SMB,Education,Growth,Europe,19,439.49,14,2,6.9,0.174,0,0,1,21,0,0.067
CUST-0407,Enterprise,Retail,Growth,Europe,10,394.95,15,2,11.8,0.438,2,0,0,14,0,0.036
CUST-0408,Enterprise,Education,Growth,Europe,32,943.2,30,1,7.1,0.262,7,1,1,44,0,0.011
CUST-0409,SMB,Logistics,Enterprise,North America,14,1417.0,29,4,0.8,0.535,4,0,1,29,0,0.003
CUST-0410,SMB,Financial Services,Growth,Africa,30,344.27,26,1,16.8,0.731,3,0,1,25,0,0.009
CUST-0411,Mid-Market,Education,Growth,North America,21,388.55,28,0,4.4,0.265,0,0,1,16,0,0.008
CUST-0412,Mid-Market,Logistics,Growth,North America,19,359.71,1,4,3.7,0.403,0,0,0,40,0,0.274
CUST-0413,Enterprise,Retail,Growth,North America,22,858.38,25,3,12.2,0.966,1,1,1,6,0,0.004
CUST-0414,Enterprise,Retail,Starter,Africa,34,659.03,4,1,3.2,0.43,6,1,0,13,0,0.044
CUST-0415,SMB,Logistics,Enterprise,North America,1,1979.6,12,3,1.4,0.703,3,0,0,25,0,0.015
CUST-0416,SMB,Retail,Pro,Africa,5,194.98,8,1,6.5,0.366,10,0,1,23,0,0.013
CUST-0417,Mid-Market,Retail,Growth,Europe,41,697.5,27,2,4.4,0.394,0,0,1,40,0,0.02
CUST-0418,Mid-Market,Logistics,Growth,Africa,23,381.85,9,3,18.9,0.811,5,2,1,5,0,0.036
CUST-0419,Mid-Market,Financial Services,Pro,North America,16,850.07,2,2,5.7,0.551,7,0,0,42,1,0.071
CUST-0420,SMB,SaaS,Growth,Asia-Pacific,38,467.17,11,1,10.8,0.348,8,0,1,23,0,0.021
CUST-0421,Mid-Market,Retail,Growth,Europe,47,267.48,26,3,6.3,0.528,1,0,1,14,0,0.006
CUST-0422,Enterprise,Healthcare,Growth,North America,32,1577.88,6,0,19.7,0.344,10,1,0,32,0,0.12
CUST-0423,Enterprise,Education,Growth,Africa,38,777.8,29,3,12.9,0.786,4,2,0,39,0,0.019
CUST-0424,Enterprise,Retail,Pro,Europe,18,1615.1,29,1,9.0,0.151,9,0,1,11,0,0.003
CUST-0425,Enterprise,Healthcare,Enterprise,Africa,6,6214.7,18,0,6.5,0.693,6,0,0,42,0,0.012
CUST-0426,Enterprise,Healthcare,Pro,Africa,13,561.98,7,1,4.0,0.249,9,0,0,53,0,0.074
CUST-0427,SMB,Education,Pro,Asia-Pacific,43,491.42,4,3,4.6,0.721,6,1,1,5,0,0.012
CUST-0428,Enterprise,SaaS,Growth,Asia-Pacific,21,626.02,4,3,1.2,0.084,7,1,1,46,1,0.146
CUST-0429,SMB,Healthcare,Starter,Europe,33,387.62,11,0,9.0,0.304,3,3,1,4,1,0.082
CUST-0430,SMB,Healthcare,Enterprise,Africa,38,2253.0,11,3,9.2,0.582,1,0,1,15,0,0.032
CUST-0431,SMB,SaaS,Pro,North America,41,1053.57,9,1,6.5,0.347,0,1,1,9,0,0.059
CUST-0432,Enterprise,SaaS,Growth,Africa,34,1168.0,21,2,5.1,0.572,4,0,0,54,0,0.028
CUST-0433,Mid-Market,Financial Services,Pro,Africa,40,84.48,25,4,12.6,0.456,4,0,1,24,0,0.013
CUST-0434,SMB,Financial Services,Enterprise,Asia-Pacific,11,1218.64,11,2,7.4,0.364,4,0,0,23,0,0.043
CUST-0435,SMB,Logistics,Growth,Africa,15,462.9,28,3,17.9,0.298,1,0,1,52,0,0.101
CUST-0436,Enterprise,Retail,Growth,Europe,1,1248.95,12,1,15.9,0.049,1,0,1,38,0,0.287
CUST-0437,Enterprise,Retail,Enterprise,Africa,38,5888.2,7,2,1.9,0.25,0,2,1,56,0,0.388
CUST-0438,SMB,Retail,Starter,Europe,48,466.84,15,0,6.1,0.616,2,3,1,31,0,0.073
CUST-0439,SMB,SaaS,Starter,Europe,7,533.79,1,0,16.4,0.424,2,1,1,39,0,0.463
CUST-0440,SMB,Financial Services,Enterprise,Asia-Pacific,48,3195.28,23,3,6.3,0.545,8,1,0,50,0,0.017
CUST-0441,SMB,Education,Enterprise,Europe,38,1375.16,21,2,11.4,0.372,0,0,1,7,0,0.019
CUST-0442,Mid-Market,Retail,Starter,North America,45,353.0,11,2,8.2,0.578,7,0,1,56,0,0.066
CUST-0443,SMB,Education,Growth,North America,34,393.62,24,1,14.2,0.067,8,1,1,23,0,0.022
CUST-0444,Mid-Market,Healthcare,Pro,North America,7,291.38,26,1,4.1,0.261,9,0,1,26,0,0.003
CUST-0445,Enterprise,Logistics,Pro,Europe,48,1087.35,18,3,6.1,0.355,1,0,1,53,0,0.088
CUST-0446,Enterprise,SaaS,Growth,Europe,30,635.22,26,1,7.2,0.619,8,1,0,34,0,0.005
CUST-0447,SMB,Logistics,Growth,North America,45,277.81,10,1,3.5,0.426,5,2,1,25,0,0.038
CUST-0448,SMB,Healthcare,Growth,Europe,45,266.35,1,4,3.3,0.299,8,0,0,41,0,0.102
CUST-0449,SMB,Retail,Growth,Asia-Pacific,32,517.12,8,2,8.6,0.201,3,0,1,10,0,0.051
CUST-0450,Mid-Market,Healthcare,Starter,Africa,7,272.46,21,1,7.2,0.68,3,2,1,50,0,0.053
CUST-0451,SMB,Education,Starter,Africa,43,488.68,27,3,4.9,0.353,1,0,1,49,0,0.041
CUST-0452,SMB,Education,Growth,Europe,4,939.55,10,6,4.1,0.526,7,1,0,57,0,0.101
CUST-0453,SMB,Healthcare,Enterprise,Asia-Pacific,11,4808.08,27,3,10.9,0.243,6,1,1,37,0,0.023
CUST-0454,SMB,Retail,Growth,North America,35,492.38,0,1,6.2,0.227,3,0,1,56,1,0.347
CUST-0455,Enterprise,Healthcare,Growth,Africa,8,764.6,18,1,12.7,0.907,6,1,0,0,0,0.004
CUST-0456,Mid-Market,Retail,Enterprise,Africa,32,1452.16,14,2,1.6,0.743,4,1,0,59,0,0.047
CUST-0457,SMB,Retail,Starter,North America,32,201.87,3,0,3.4,0.252,6,0,0,20,0,0.063
CUST-0458,Mid-Market,Retail,Starter,Europe,5,581.03,14,3,19.3,0.38,2,1,0,35,1,0.319
CUST-0459,Mid-Market,Financial Services,Growth,North America,38,365.77,11,1,9.5,0.818,1,1,0,4,0,0.02
CUST-0460,Mid-Market,Logistics,Enterprise,North America,25,2704.96,28,0,23.3,0.53,7,0,1,39,0,0.017
CUST-0461,SMB,Retail,Pro,North America,23,480.48,17,2,1.6,0.752,5,1,1,30,0,0.007
CUST-0462,Mid-Market,Retail,Starter,North America,26,613.02,12,0,6.6,0.777,6,1,0,54,0,0.057
CUST-0463,Enterprise,Education,Starter,Europe,23,829.05,16,5,9.7,0.584,10,0,0,59,0,0.049
CUST-0464,Mid-Market,Logistics,Starter,North America,22,374.36,10,1,1.4,0.465,0,0,1,53,0,0.137
CUST-0465,Enterprise,Financial Services,Enterprise,Asia-Pacific,33,1569.8,20,3,4.3,0.323,8,0,1,27,1,0.007
CUST-0466,SMB,SaaS,Growth,North America,7,433.87,10,3,12.5,0.428,10,1,1,39,0,0.049
CUST-0467,Mid-Market,Logistics,Pro,Africa,16,434.54,3,1,9.9,0.298,8,0,1,52,0,0.139
CUST-0468,SMB,Logistics,Pro,Europe,30,256.01,9,1,3.5,0.842,2,1,1,41,0,0.037
CUST-0469,SMB,Retail,Enterprise,North America,9,1681.92,18,4,6.1,0.499,4,0,1,36,0,0.022
CUST-0470,SMB,Logistics,Growth,Asia-Pacific,28,342.01,13,0,8.0,0.212,4,1,1,21,0,0.045
CUST-0471,SMB,Education,Starter,Europe,20,421.48,22,4,37.3,0.715,5,0,1,8,0,0.055
CUST-0472,SMB,Logistics,Growth,North America,33,385.85,16,2,10.6,0.494,7,1,0,42,0,0.045
CUST-0473,Mid-Market,Healthcare,Enterprise,Asia-Pacific,11,2167.52,7,0,4.2,0.291,0,1,1,57,0,0.308
CUST-0474,Mid-Market,Logistics,Enterprise,North America,43,2054.96,3,3,10.3,0.749,7,0,1,25,0,0.027
CUST-0475,Mid-Market,Financial Services,Growth,Europe,15,422.66,30,4,14.0,0.206,8,1,0,10,0,0.008
CUST-0476,SMB,SaaS,Growth,Africa,15,234.78,25,3,12.1,0.228,7,1,1,3,0,0.007
CUST-0477,SMB,Retail,Pro,Africa,33,793.95,20,4,13.5,0.238,6,0,1,49,0,0.07
CUST-0478,SMB,Education,Growth,Africa,12,202.44,4,2,10.0,0.294,1,0,1,46,0,0.309
CUST-0479,SMB,Education,Starter,Africa,4,429.61,8,1,5.0,0.418,6,0,1,22,0,0.028
CUST-0480,SMB,Financial Services,Starter,Africa,14,583.21,22,3,2.7,0.397,0,0,0,47,0,0.069
CUST-0481,Enterprise,Financial Services,Growth,North America,46,1525.0,9,3,12.0,0.295,5,0,1,0,0,0.026
CUST-0482,Enterprise,Financial Services,Starter,Europe,6,704.92,29,5,5.6,0.614,8,1,1,16,0,0.003
CUST-0483,SMB,Healthcare,Pro,Europe,3,393.3,20,3,3.1,0.484,0,0,1,43,0,0.035
CUST-0484,SMB,Financial Services,Pro,North America,29,501.82,14,3,9.6,0.482,4,0,0,46,0,0.077
CUST-0485,Enterprise,Healthcare,Enterprise,North America,37,2742.3,13,4,6.8,0.225,2,0,0,40,0,0.136
CUST-0486,Mid-Market,Financial Services,Pro,Africa,42,300.07,26,3,6.2,0.291,6,2,0,4,0,0.007
CUST-0487,SMB,Healthcare,Growth,North America,2,321.51,12,2,5.7,0.629,3,2,1,11,0,0.021
CUST-0488,SMB,Education,Starter,North America,1,270.1,3,0,18.4,0.663,6,0,1,38,0,0.138
CUST-0489,SMB,Education,Starter,Europe,8,208.28,3,3,15.6,0.827,7,0,0,31,0,0.081
CUST-0490,Mid-Market,Logistics,Enterprise,Europe,7,1489.48,16,1,8.8,0.209,7,0,0,24,0,0.024
CUST-0491,Mid-Market,SaaS,Pro,Africa,17,263.8,12,6,3.0,0.054,10,1,1,34,0,0.043
CUST-0492,Mid-Market,Logistics,Starter,Asia-Pacific,16,274.96,17,1,13.7,0.368,0,0,0,60,0,0.336
CUST-0493,Enterprise,SaaS,Growth,North America,32,677.25,4,1,6.2,0.779,2,0,1,39,0,0.057
CUST-0494,SMB,SaaS,Pro,North America,19,416.82,3,3,9.0,0.221,10,0,1,34,0,0.066
CUST-0495,Mid-Market,Retail,Pro,North America,37,555.31,16,2,23.2,0.293,5,0,0,59,0,0.317
CUST-0496,Enterprise,Retail,Pro,Asia-Pacific,33,1313.78,17,4,6.7,0.26,5,0,1,49,0,0.059
CUST-0497,SMB,Financial Services,Enterprise,Asia-Pacific,46,2940.04,12,3,6.2,0.536,9,0,1,35,0,0.013
CUST-0498,Mid-Market,Healthcare,Growth,North America,25,458.81,7,1,2.3,0.561,3,1,0,18,0,0.033
CUST-0499,Mid-Market,Education,Pro,Africa,3,250.43,23,1,19.9,0.647,3,0,1,7,0,0.01
CUST-0500,SMB,SaaS,Starter,Europe,44,856.53,23,0,6.9,0.14,2,2,0,47,0,0.164
CUST-0501,Enterprise,Healthcare,Pro,Asia-Pacific,37,1182.12,14,2,9.6,0.229,4,0,0,49,0,0.134
CUST-0502,Mid-Market,SaaS,Growth,Europe,36,198.2,19,1,11.3,0.515,8,2,0,2,0,0.008
CUST-0503,SMB,Education,Starter,Asia-Pacific,41,325.48,28,2,8.3,0.285,7,0,0,13,0,0.006
CUST-0504,Enterprise,Retail,Starter,Europe,28,1285.1,18,2,2.7,0.469,4,0,1,24,0,0.013
CUST-0505,SMB,Logistics,Pro,North America,41,533.76,14,2,9.1,0.437,9,1,0,2,0,0.008
CUST-0506,Enterprise,Retail,Starter,Africa,2,672.95,12,0,3.3,0.259,4,0,1,10,0,0.019
CUST-0507,SMB,Healthcare,Growth,North America,19,151.34,4,3,25.2,0.067,8,0,0,31,0,0.39
CUST-0508,SMB,SaaS,Growth,Africa,11,323.52,22,1,5.1,0.782,0,3,1,48,0,0.05
CUST-0509,Mid-Market,Healthcare,Pro,Europe,48,650.54,12,0,11.6,0.731,10,0,1,18,0,0.005
CUST-0510,SMB,Logistics,Starter,North America,3,514.75,0,3,4.1,0.33,7,0,0,0,0,0.037
CUST-0511,SMB,Healthcare,Starter,Europe,9,268.43,23,4,9.9,0.276,1,2,1,42,0,0.165
CUST-0512,SMB,Financial Services,Starter,Asia-Pacific,42,282.75,15,4,12.6,0.413,0,0,1,11,0,0.066
CUST-0513,SMB,SaaS,Pro,North America,3,272.42,23,0,5.3,0.052,1,0,1,56,0,0.088
CUST-0514,Enterprise,Healthcare,Starter,North America,39,334.78,1,2,5.1,0.352,2,0,0,51,0,0.387
CUST-0515,Enterprise,Healthcare,Growth,Asia-Pacific,4,480.75,27,0,11.8,0.078,6,1,0,12,0,0.014
CUST-0516,Mid-Market,Retail,Growth,North America,8,326.92,7,1,5.7,0.489,4,1,0,53,0,0.157
CUST-0517,Enterprise,SaaS,Growth,North America,4,940.7,10,2,0.8,0.625,10,0,1,38,0,0.007
CUST-0518,Enterprise,Healthcare,Growth,Europe,32,1718.5,16,2,14.7,0.664,4,1,0,3,0,0.016
CUST-0519,SMB,Logistics,Growth,Africa,35,285.13,1,0,19.1,0.717,5,0,1,22,0,0.076
CUST-0520,SMB,Logistics,Starter,Asia-Pacific,6,457.7,21,6,10.6,0.751,3,0,0,35,0,0.033
CUST-0521,Mid-Market,Financial Services,Growth,North America,37,215.33,24,4,7.7,0.418,8,1,1,60,0,0.03
CUST-0522,SMB,Healthcare,Growth,North America,44,633.8,22,3,14.8,0.424,6,0,0,43,0,0.041
CUST-0523,SMB,Retail,Starter,Asia-Pacific,36,439.51,25,6,7.8,0.383,2,2,0,36,0,0.094
CUST-0524,Enterprise,Retail,Growth,Europe,44,1200.65,8,2,9.5,0.382,8,1,1,24,0,0.038
CUST-0525,Enterprise,Healthcare,Growth,Asia-Pacific,41,1827.38,26,2,5.6,0.521,8,1,1,7,0,0.002
CUST-0526,Mid-Market,Retail,Starter,North America,29,83.44,5,1,14.2,0.639,6,2,1,28,0,0.122
CUST-0527,Mid-Market,Logistics,Starter,North America,48,843.41,7,2,28.4,0.691,1,0,0,41,1,0.509
CUST-0528,Mid-Market,SaaS,Growth,Asia-Pacific,14,282.96,12,2,2.7,0.371,3,1,1,46,0,0.079
CUST-0529,Enterprise,Retail,Pro,North America,31,976.53,13,2,14.3,0.114,6,1,0,59,0,0.335
CUST-0530,SMB,Retail,Pro,North America,16,861.67,25,3,15.3,0.602,8,0,0,6,0,0.003
CUST-0531,Mid-Market,Financial Services,Growth,North America,13,426.74,18,3,9.1,0.718,0,1,1,14,0,0.019
CUST-0532,SMB,Financial Services,Starter,North America,34,554.37,25,4,9.7,0.568,5,0,1,51,0,0.027
CUST-0533,SMB,Education,Growth,North America,29,313.29,3,2,9.1,0.569,2,1,1,54,0,0.283
CUST-0534,Mid-Market,Logistics,Enterprise,North America,19,2087.56,4,0,5.2,0.348,8,2,1,31,0,0.064
CUST-0535,SMB,Logistics,Starter,North America,32,819.92,29,3,13.0,0.643,5,0,0,47,0,0.021
CUST-0536,SMB,SaaS,Growth,Europe,30,314.03,7,3,29.4,0.287,4,0,0,30,0,0.452
CUST-0537,SMB,Retail,Starter,Africa,6,209.95,4,2,4.1,0.546,10,0,1,46,0,0.04
CUST-0538,Mid-Market,SaaS,Growth,Europe,17,247.52,1,0,6.8,0.444,0,0,0,25,0,0.153
CUST-0539,SMB,Logistics,Starter,North America,46,355.28,30,3,6.8,0.86,0,0,0,2,0,0.003
CUST-0540,Enterprise,Logistics,Enterprise,Europe,13,3206.9,11,3,2.2,0.914,0,0,0,54,0,0.057
CUST-0541,Mid-Market,SaaS,Growth,Africa,47,579.3,14,1,0.3,0.695,7,0,0,16,0,0.003
CUST-0542,Mid-Market,SaaS,Pro,North America,40,498.72,21,3,21.7,0.49,5,0,0,1,0,0.016
CUST-0543,Enterprise,Retail,Growth,Europe,6,810.65,30,6,4.4,0.457,8,0,0,20,0,0.002
CUST-0544,SMB,SaaS,Growth,Asia-Pacific,36,243.9,7,3,8.2,0.361,8,1,1,30,0,0.053
CUST-0545,SMB,Education,Starter,Africa,35,644.38,17,2,4.6,0.344,5,0,1,54,0,0.06
CUST-0546,Enterprise,SaaS,Pro,Europe,39,1251.08,8,2,1.6,0.773,6,0,1,2,0,0.003
CUST-0547,Enterprise,Retail,Starter,North America,6,1188.9,9,4,8.2,0.383,5,2,1,3,0,0.052
CUST-0548,SMB,Financial Services,Starter,North America,20,561.8,17,2,6.1,0.211,5,1,0,32,0,0.069
CUST-0549,Mid-Market,SaaS,Growth,North America,11,513.14,13,2,7.0,0.085,9,1,0,17,0,0.029
CUST-0550,SMB,Financial Services,Starter,North America,31,720.62,13,1,11.0,0.321,0,0,1,60,1,0.339
CUST-0551,SMB,SaaS,Growth,Europe,11,613.77,4,4,2.9,0.685,4,0,1,41,0,0.051
CUST-0552,SMB,Retail,Growth,Europe,43,542.61,12,3,10.3,0.577,10,0,0,50,0,0.034
CUST-0553,SMB,SaaS,Enterprise,North America,32,2234.72,7,2,4.2,0.644,0,0,0,13,0,0.035
CUST-0554,SMB,Healthcare,Enterprise,Europe,11,1508.68,2,2,7.5,0.44,3,1,1,52,0,0.282
CUST-0555,Enterprise,Healthcare,Growth,North America,36,818.18,6,2,4.6,0.537,4,0,1,56,1,0.101
CUST-0556,SMB,Financial Services,Pro,Africa,25,336.59,4,2,6.6,0.507,1,0,0,16,0,0.072
CUST-0557,SMB,Education,Starter,Asia-Pacific,26,342.98,3,3,4.0,0.225,9,0,1,44,0,0.102
CUST-0558,SMB,Education,Growth,Asia-Pacific,19,310.65,18,2,1.9,0.283,10,0,1,22,0,0.004
CUST-0559,SMB,SaaS,Pro,Europe,9,339.84,10,2,16.1,0.299,8,0,0,19,0,0.049
CUST-0560,SMB,Logistics,Starter,Asia-Pacific,17,689.24,8,3,15.4,0.367,5,0,0,24,0,0.141
CUST-0561,SMB,Healthcare,Starter,Europe,31,509.16,17,3,7.0,0.576,1,2,1,51,1,0.155
CUST-0562,Mid-Market,Healthcare,Pro,North America,23,310.07,29,3,4.4,0.656,2,0,0,53,0,0.015
CUST-0563,SMB,Retail,Pro,North America,23,297.87,10,3,9.6,0.64,0,2,0,33,0,0.175
CUST-0564,SMB,Healthcare,Enterprise,Europe,28,1744.52,21,4,9.1,0.504,9,1,1,8,0,0.004
CUST-0565,SMB,Logistics,Starter,Africa,19,317.82,29,3,22.2,0.64,1,1,0,51,1,0.145
CUST-0566,Mid-Market,Healthcare,Starter,Europe,23,334.63,10,4,10.1,0.325,3,1,1,9,1,0.08
CUST-0567,SMB,Financial Services,Starter,Europe,2,383.8,30,2,2.2,0.226,6,0,1,4,0,0.002
CUST-0568,SMB,SaaS,Growth,Europe,7,221.64,28,0,24.3,0.419,10,0,1,39,0,0.014
CUST-0569,Mid-Market,Education,Starter,Europe,17,359.82,4,5,3.4,0.749,5,0,0,14,0,0.026
CUST-0570,SMB,Education,Growth,Africa,46,161.6,24,4,7.2,0.156,5,0,1,38,0,0.026
CUST-0571,SMB,Financial Services,Starter,North America,44,697.65,27,3,10.3,0.361,2,2,0,46,0,0.116
CUST-0572,SMB,Financial Services,Growth,Europe,27,367.77,12,2,4.6,0.731,3,0,0,31,0,0.022
CUST-0573,Mid-Market,Education,Growth,North America,2,390.18,17,3,8.5,0.763,8,0,0,5,0,0.003
CUST-0574,SMB,Logistics,Starter,Europe,42,378.33,9,5,5.4,0.708,5,1,1,8,0,0.018
CUST-0575,Enterprise,Healthcare,Pro,North America,35,404.45,8,6,9.8,0.491,7,2,0,18,0,0.069
CUST-0576,SMB,Financial Services,Enterprise,North America,16,2015.68,9,2,17.9,0.653,8,0,1,15,0,0.019
CUST-0577,SMB,Retail,Growth,Africa,33,391.66,28,1,6.2,0.369,4,1,1,38,0,0.013
CUST-0578,Mid-Market,Financial Services,Growth,Europe,24,349.22,22,2,12.5,0.655,6,0,1,29,0,0.008
CUST-0579,Mid-Market,Healthcare,Growth,Asia-Pacific,4,749.36,24,2,15.3,0.782,9,0,0,29,0,0.005
CUST-0580,Enterprise,Healthcare,Enterprise,North America,41,6605.3,0,2,5.5,0.399,6,0,1,54,0,0.163
CUST-0581,SMB,Retail,Pro,North America,12,493.82,6,2,31.5,0.437,7,0,1,54,1,0.46
CUST-0582,Mid-Market,Education,Enterprise,North America,18,1036.84,26,3,7.9,0.68,0,0,1,14,0,0.006
CUST-0583,Enterprise,Logistics,Growth,Asia-Pacific,1,1877.72,19,2,19.7,0.129,1,1,1,17,0,0.134
CUST-0584,SMB,Retail,Growth,Europe,28,448.74,9,2,19.6,0.412,7,3,0,12,0,0.135
CUST-0585,SMB,Retail,Starter,Africa,29,325.86,24,1,5.6,0.397,10,0,1,6,0,0.002
CUST-0586,Mid-Market,Logistics,Starter,North America,7,576.48,23,6,15.7,0.626,5,0,1,47,0,0.049
CUST-0587,SMB,Financial Services,Enterprise,Africa,36,1038.52,29,2,8.7,0.264,6,1,0,4,0,0.005
CUST-0588,Enterprise,Education,Growth,North America,39,347.95,30,2,6.8,0.495,5,0,1,38,0,0.006
CUST-0589,Mid-Market,Education,Growth,Asia-Pacific,32,183.81,30,3,7.8,0.169,1,0,1,21,0,0.014
CUST-0590,Enterprise,Financial Services,Starter,Europe,47,1165.18,7,4,3.9,0.179,2,0,1,25,0,0.13
CUST-0591,SMB,Healthcare,Enterprise,Asia-Pacific,18,2069.4,10,3,10.9,0.383,7,1,0,38,0,0.095
CUST-0592,Mid-Market,Retail,Starter,Europe,36,697.03,24,1,7.0,0.629,0,0,0,45,0,0.04
CUST-0593,SMB,Financial Services,Pro,Europe,3,1561.13,27,4,7.8,0.38,2,1,1,9,0,0.009
CUST-0594,SMB,Education,Growth,North America,11,517.71,6,2,6.8,0.209,7,0,1,16,1,0.033
CUST-0595,Mid-Market,Logistics,Pro,Europe,36,726.62,19,2,21.3,0.851,2,0,1,59,0,0.097
CUST-0596,Enterprise,Financial Services,Pro,Africa,13,1101.12,17,2,3.3,0.509,9,0,0,41,0,0.01
CUST-0597,SMB,Healthcare,Pro,Europe,4,457.69,15,2,3.7,0.631,5,0,1,56,0,0.027
CUST-0598,SMB,Financial Services,Growth,Africa,29,325.76,17,5,5.7,0.634,1,1,1,24,0,0.028
CUST-0599,SMB,Education,Growth,Asia-Pacific,11,260.93,16,1,4.1,0.223,9,0,0,27,0,0.012
CUST-0600,SMB,Financial Services,Pro,Africa,31,514.39,21,4,5.9,0.355,9,2,0,7,0,0.007
CUST-0601,Mid-Market,Financial Services,Starter,Europe,13,643.55,29,2,22.5,0.655,5,0,0,56,0,0.061
CUST-0602,SMB,Retail,Growth,Europe,8,429.07,3,3,33.0,0.487,10,0,0,12,0,0.151
CUST-0603,SMB,Healthcare,Pro,Europe,46,272.9,13,4,5.2,0.329,2,0,1,39,0,0.075
CUST-0604,Mid-Market,Healthcare,Enterprise,Africa,46,1822.32,23,3,15.6,0.631,3,0,1,22,0,0.015
CUST-0605,Enterprise,Education,Pro,Africa,16,1102.18,26,3,6.6,0.608,8,0,1,57,0,0.008
CUST-0606,SMB,Logistics,Starter,Africa,23,447.62,6,3,7.1,0.26,8,0,1,2,0,0.022
CUST-0607,SMB,Retail,Pro,North America,16,369.17,18,3,4.5,0.85,10,0,0,55,0,0.007
CUST-0608,Mid-Market,Logistics,Enterprise,North America,17,4017.16,23,5,9.6,0.551,7,1,0,42,0,0.023
CUST-0609,SMB,Education,Growth,Europe,5,678.99,27,1,4.4,0.412,5,2,0,52,0,0.03
CUST-0610,SMB,Retail,Growth,Europe,25,637.58,24,4,9.6,0.054,4,0,1,55,0,0.09
CUST-0611,Mid-Market,Financial Services,Growth,Asia-Pacific,46,649.26,26,3,4.5,0.369,10,2,1,54,0,0.015
CUST-0612,Mid-Market,SaaS,Growth,Asia-Pacific,17,506.15,21,1,10.7,0.502,7,1,1,56,0,0.035
CUST-0613,SMB,Healthcare,Starter,Asia-Pacific,43,370.56,2,3,3.0,0.504,2,0,0,4,0,0.052
CUST-0614,Mid-Market,SaaS,Starter,Europe,28,553.28,12,0,18.8,0.516,5,0,1,58,0,0.202
CUST-0615,Mid-Market,SaaS,Enterprise,Africa,31,1107.24,2,4,3.1,0.305,4,1,1,55,1,0.284
CUST-0616,Enterprise,Financial Services,Growth,Africa,41,855.12,7,4,13.7,0.232,4,0,0,59,0,0.44
CUST-0617,SMB,Education,Growth,North America,13,858.48,1,4,9.0,0.659,3,0,0,17,0,0.073
CUST-0618,Mid-Market,Financial Services,Growth,North America,8,395.73,1,4,2.0,0.817,6,0,0,29,0,0.027
CUST-0619,SMB,Logistics,Starter,North America,16,296.79,28,2,2.3,0.074,0,2,1,46,0,0.103
CUST-0620,Mid-Market,Retail,Starter,Europe,13,391.81,7,1,4.2,0.153,1,2,1,59,0,0.546
CUST-0621,Mid-Market,Retail,Starter,Asia-Pacific,47,528.05,29,2,15.2,0.188,7,1,1,54,0,0.066
CUST-0622,Enterprise,SaaS,Pro,North America,18,516.38,6,1,6.5,0.944,7,0,1,17,0,0.006
CUST-0623,Mid-Market,Education,Pro,North America,31,397.97,14,6,6.5,0.494,6,0,1,58,0,0.064
CUST-0624,SMB,Healthcare,Enterprise,North America,27,2300.16,1,1,16.5,0.521,6,2,0,51,1,0.432
CUST-0625,Mid-Market,Retail,Enterprise,Africa,35,1511.84,22,1,5.4,0.874,0,0,0,6,0,0.004
CUST-0626,SMB,Retail,Starter,North America,15,667.68,8,4,12.5,0.272,3,1,0,20,0,0.228
CUST-0627,Enterprise,SaaS,Starter,North America,25,1097.9,22,1,19.8,0.704,6,1,1,35,0,0.033
CUST-0628,SMB,Logistics,Pro,North America,4,416.15,6,3,5.1,0.416,6,0,1,23,0,0.03
CUST-0629,SMB,Logistics,Growth,North America,18,260.14,17,1,10.7,0.784,4,0,1,22,0,0.009
CUST-0630,Mid-Market,Financial Services,Enterprise,North America,17,1541.36,26,0,11.5,0.388,6,1,0,36,0,0.019
CUST-0631,SMB,Retail,Growth,Europe,25,473.93,30,1,7.6,0.502,9,0,0,14,0,0.001
CUST-0632,Mid-Market,SaaS,Growth,Africa,14,271.2,25,2,13.5,0.371,10,0,0,22,0,0.006
CUST-0633,Mid-Market,Logistics,Growth,North America,31,470.84,1,1,6.8,0.338,2,2,1,14,0,0.15
CUST-0634,Mid-Market,SaaS,Growth,Europe,3,116.75,9,1,5.1,0.647,9,0,1,25,0,0.007
CUST-0635,Enterprise,Education,Growth,North America,1,704.8,20,1,4.8,0.614,2,0,1,45,0,0.02
CUST-0636,SMB,Healthcare,Starter,Asia-Pacific,3,360.64,19,2,12.9,0.723,2,0,0,16,0,0.022
CUST-0637,SMB,Logistics,Enterprise,North America,43,808.52,21,3,5.4,0.554,8,1,1,11,0,0.003
CUST-0638,SMB,Logistics,Pro,Europe,1,335.21,30,0,4.8,0.451,10,0,0,44,0,0.003
CUST-0639,SMB,Healthcare,Pro,Asia-Pacific,44,528.6,26,0,3.3,0.291,6,1,1,45,0,0.013
CUST-0640,SMB,SaaS,Enterprise,North America,11,1254.84,6,4,3.8,0.108,4,1,0,45,0,0.278
CUST-0641,Mid-Market,SaaS,Pro,North America,47,316.09,6,4,10.4,0.11,9,0,1,1,0,0.026
CUST-0642,SMB,Logistics,Enterprise,Africa,21,2077.76,15,0,17.4,0.483,6,2,0,8,0,0.035
CUST-0643,SMB,Logistics,Pro,Europe,46,145.63,27,2,8.0,0.315,4,0,1,24,0,0.009
CUST-0644,Enterprise,SaaS,Growth,North America,2,827.45,23,3,13.9,0.883,4,1,1,49,0,0.024
CUST-0645,Mid-Market,Retail,Starter,Europe,43,141.81,29,2,6.8,0.424,0,0,1,24,0,0.014
CUST-0646,SMB,Logistics,Growth,Africa,30,476.17,4,4,7.0,0.117,0,2,1,37,0,0.503
CUST-0647,SMB,SaaS,Growth,Europe,48,321.38,17,2,7.3,0.886,1,0,0,5,0,0.006
CUST-0648,Enterprise,Retail,Pro,North America,48,1149.22,28,3,2.2,0.163,6,1,1,5,0,0.003
CUST-0649,Mid-Market,Healthcare,Pro,Europe,23,281.07,11,2,4.1,0.28,7,0,1,34,0,0.028
CUST-0650,SMB,Retail,Pro,Asia-Pacific,21,622.93,27,3,14.8,0.808,7,0,1,24,0,0.003
CUST-0651,SMB,SaaS,Starter,North America,13,544.44,14,2,6.1,0.447,2,2,1,27,0,0.083
CUST-0652,Enterprise,Financial Services,Starter,Europe,3,1709.08,11,1,6.9,0.235,7,0,1,6,0,0.017
CUST-0653,SMB,Logistics,Enterprise,Europe,9,899.72,20,3,0.6,0.424,3,0,1,14,0,0.006
CUST-0654,Enterprise,Logistics,Enterprise,Europe,37,6230.1,11,3,3.5,0.181,9,0,1,50,0,0.046
CUST-0655,Mid-Market,SaaS,Growth,North America,39,338.01,18,3,6.8,0.465,4,0,0,56,0,0.063
CUST-0656,SMB,Education,Starter,North America,27,226.86,1,2,8.8,0.19,6,1,0,56,1,0.519
CUST-0657,Mid-Market,Retail,Starter,North America,33,246.87,23,4,3.6,0.321,3,0,1,10,0,0.01
CUST-0658,SMB,Logistics,Starter,Africa,1,219.24,2,4,10.8,0.682,3,0,1,56,1,0.294
CUST-0659,SMB,Healthcare,Enterprise,North America,5,2358.68,7,3,2.4,0.425,4,0,0,17,0,0.03
CUST-0660,Mid-Market,Retail,Growth,North America,29,480.69,12,1,3.5,0.526,3,3,0,32,0,0.081
CUST-0661,SMB,Logistics,Growth,Africa,47,471.0,11,2,11.3,0.826,2,0,1,5,1,0.012
CUST-0662,Enterprise,SaaS,Pro,North America,8,243.08,20,2,16.0,0.526,5,0,0,8,0,0.012
CUST-0663,Mid-Market,Healthcare,Starter,North America,28,460.67,7,4,4.7,0.874,9,1,1,57,0,0.045
CUST-0664,SMB,Healthcare,Growth,Europe,18,512.97,2,3,4.2,0.125,5,0,0,7,0,0.064
CUST-0665,SMB,Education,Growth,North America,12,577.11,6,4,13.7,0.602,9,0,1,47,0,0.068
CUST-0666,SMB,Financial Services,Growth,Europe,43,453.91,18,2,5.1,0.71,2,1,0,10,0,0.01
CUST-0667,Mid-Market,Healthcare,Starter,Europe,30,771.52,4,3,13.2,0.691,8,2,1,42,0,0.152
CUST-0668,SMB,SaaS,Growth,North America,30,992.2,11,3,6.8,0.25,6,0,1,9,0,0.018
CUST-0669,Mid-Market,Education,Starter,North America,18,468.94,4,1,13.1,0.528,9,1,0,16,0,0.055
CUST-0670,Mid-Market,Logistics,Growth,Africa,32,348.32,29,1,11.1,0.564,3,0,0,1,0,0.003
CUST-0671,Enterprise,Financial Services,Growth,North America,13,524.43,5,5,6.7,0.834,8,0,1,47,0,0.032
CUST-0672,SMB,Healthcare,Starter,North America,11,826.81,22,1,9.4,0.84,6,0,1,60,0,0.018
CUST-0673,SMB,Logistics,Enterprise,North America,2,2515.84,28,2,3.0,0.398,3,1,1,51,0,0.02
CUST-0674,SMB,Education,Pro,North America,40,318.64,7,1,8.9,0.371,3,1,0,51,0,0.265
CUST-0675,SMB,Education,Enterprise,Africa,3,2225.52,20,2,1.2,0.899,6,1,1,8,0,0.001
CUST-0676,SMB,Healthcare,Enterprise,North America,16,2303.64,30,1,4.5,0.336,1,0,1,1,0,0.003
CUST-0677,SMB,Retail,Growth,Asia-Pacific,47,245.47,24,0,8.1,0.065,9,2,1,52,0,0.043
CUST-0678,Mid-Market,Logistics,Starter,North America,39,789.81,0,5,6.1,0.162,0,0,0,14,1,0.329
CUST-0679,SMB,SaaS,Enterprise,Europe,28,1897.8,10,4,1.3,0.3,4,0,1,6,0,0.015
CUST-0680,SMB,SaaS,Growth,Africa,6,794.63,10,1,6.4,0.434,2,0,1,4,0,0.018
CUST-0681,SMB,Retail,Pro,Europe,13,600.67,11,2,6.9,0.575,5,0,1,0,0,0.007
CUST-0682,SMB,Retail,Pro,North America,35,124.69,29,4,8.9,0.349,6,1,0,34,0,0.015
CUST-0683,Mid-Market,Healthcare,Growth,North America,31,417.43,0,2,20.2,0.528,7,0,1,45,0,0.241
CUST-0684,SMB,Healthcare,Growth,Europe,29,100.28,0,6,6.2,0.681,1,1,1,47,1,0.283
CUST-0685,Enterprise,Education,Growth,Asia-Pacific,20,756.12,2,2,10.3,0.822,1,0,0,38,0,0.134
CUST-0686,Enterprise,SaaS,Starter,North America,2,782.6,5,5,6.1,0.276,5,0,1,14,0,0.067
CUST-0687,SMB,SaaS,Starter,North America,47,328.52,4,2,2.6,0.754,7,0,1,3,0,0.007
CUST-0688,SMB,Retail,Starter,North America,25,430.56,25,2,9.5,0.407,9,0,0,14,0,0.005
CUST-0689,Mid-Market,Financial Services,Starter,Asia-Pacific,31,389.98,14,2,10.8,0.738,1,1,1,57,0,0.166
CUST-0690,Mid-Market,SaaS,Pro,North America,25,686.36,5,2,3.6,0.372,9,2,1,1,0,0.015
CUST-0691,SMB,Financial Services,Growth,North America,27,563.27,17,3,2.5,0.345,9,0,1,10,0,0.003
CUST-0692,Mid-Market,SaaS,Pro,Asia-Pacific,47,346.05,8,2,1.8,0.319,5,0,1,19,0,0.022
CUST-0693,SMB,Education,Growth,North America,44,206.9,30,2,8.4,0.737,8,0,1,49,0,0.003
CUST-0694,Mid-Market,Retail,Starter,Africa,18,303.78,23,0,14.3,0.523,9,0,0,43,0,0.019
CUST-0695,Mid-Market,Retail,Growth,Europe,19,213.0,25,6,11.5,0.501,8,0,0,4,0,0.004
CUST-0696,Enterprise,SaaS,Starter,Asia-Pacific,1,540.65,9,3,13.0,0.527,7,0,0,11,0,0.033
CUST-0697,Mid-Market,Retail,Pro,North America,7,481.4,16,1,12.2,0.696,10,3,0,22,0,0.016
CUST-0698,Enterprise,Education,Growth,Asia-Pacific,5,2330.0,14,1,5.5,0.302,1,2,1,4,0,0.036
CUST-0699,SMB,Financial Services,Growth,North America,25,157.31,20,4,7.7,0.44,4,0,1,2,0,0.006
CUST-0700,SMB,SaaS,Pro,Africa,4,549.24,17,0,5.8,0.613,8,0,1,25,0,0.004
CUST-0701,SMB,Financial Services,Starter,North America,32,420.02,2,4,3.0,0.062,4,0,1,59,1,0.447
CUST-0702,Enterprise,Financial Services,Pro,Europe,42,696.8,12,2,17.6,0.134,6,0,1,60,1,0.29
CUST-0703,SMB,SaaS,Growth,Africa,16,747.09,7,4,30.6,0.32,1,3,1,26,0,0.75
CUST-0704,Mid-Market,SaaS,Starter,Europe,7,377.84,28,1,17.1,0.805,6,2,1,6,0,0.005
CUST-0705,Mid-Market,Retail,Pro,Europe,7,282.85,8,4,0.6,0.719,7,0,0,19,0,0.008
CUST-0706,Mid-Market,Logistics,Growth,North America,5,761.54,16,1,3.2,0.342,6,1,1,49,0,0.038
CUST-0707,SMB,Logistics,Starter,Africa,7,465.32,25,3,8.8,0.349,5,0,1,53,0,0.041
CUST-0708,SMB,Retail,Growth,Europe,6,296.7,8,7,9.7,0.135,4,0,0,27,0,0.18
CUST-0709,SMB,Financial Services,Growth,North America,31,760.25,26,4,3.8,0.898,7,0,0,13,0,0.001
CUST-0710,SMB,Logistics,Pro,North America,29,534.64,15,0,24.1,0.187,0,0,0,27,1,0.293
CUST-0711,SMB,Logistics,Starter,Africa,47,255.81,14,2,9.5,0.177,7,1,1,38,0,0.093
CUST-0712,Mid-Market,Healthcare,Growth,North America,20,349.37,0,0,7.9,0.384,6,1,1,52,0,0.219
CUST-0713,SMB,Education,Enterprise,North America,40,1840.64,0,1,1.9,0.476,1,1,0,6,0,0.067
CUST-0714,Enterprise,Financial Services,Starter,Africa,5,356.18,0,2,2.9,0.7,6,0,1,42,0,0.064
CUST-0715,Mid-Market,Healthcare,Pro,Europe,20,382.68,3,1,4.3,0.625,3,0,0,23,0,0.044
CUST-0716,SMB,Logistics,Growth,North America,5,361.16,21,4,16.1,0.709,6,0,0,49,0,0.036
CUST-0717,Enterprise,Logistics,Growth,North America,22,2352.45,18,3,8.0,0.803,9,1,1,53,0,0.014
CUST-0718,SMB,Retail,Growth,North America,30,624.55,13,2,6.4,0.539,10,3,1,18,0,0.014
CUST-0719,SMB,Healthcare,Growth,North America,6,513.2,13,6,10.1,0.538,9,0,0,51,0,0.051
CUST-0720,Enterprise,Education,Growth,Africa,30,964.7,21,1,6.0,0.206,2,0,1,11,0,0.013
CUST-0721,SMB,SaaS,Enterprise,North America,34,549.64,13,2,4.6,0.588,6,1,0,49,0,0.045
CUST-0722,Mid-Market,Healthcare,Enterprise,Asia-Pacific,39,1759.48,21,2,9.4,0.132,0,1,0,19,0,0.077
CUST-0723,SMB,Healthcare,Enterprise,Europe,3,1312.4,0,0,2.1,0.68,7,0,0,43,1,0.042
CUST-0724,Mid-Market,Healthcare,Enterprise,Europe,27,1132.16,18,4,8.8,0.676,3,1,0,56,1,0.084
CUST-0725,Mid-Market,Education,Growth,Africa,5,327.69,27,1,9.7,0.765,1,0,0,37,0,0.012
CUST-0726,SMB,Logistics,Pro,North America,36,245.91,23,4,5.4,0.493,3,0,1,47,0,0.023
CUST-0727,SMB,SaaS,Enterprise,Asia-Pacific,39,2707.44,26,1,6.5,0.483,8,0,1,35,0,0.004
CUST-0728,Mid-Market,Retail,Starter,North America,15,565.18,2,3,7.1,0.35,5,2,1,57,0,0.464
CUST-0729,Mid-Market,Logistics,Pro,North America,5,127.46,3,1,4.1,0.649,10,1,0,52,0,0.051
CUST-0730,SMB,Retail,Growth,Asia-Pacific,10,253.86,1,3,2.9,0.54,10,0,0,33,0,0.029
CUST-0731,SMB,SaaS,Starter,Europe,32,301.67,0,3,1.5,0.261,0,0,1,51,0,0.429
CUST-0732,Enterprise,Financial Services,Pro,Asia-Pacific,43,1322.2,9,3,2.8,0.394,9,0,1,25,0,0.012
CUST-0733,SMB,Retail,Pro,North America,13,284.82,17,5,11.0,0.292,1,1,1,36,1,0.139
CUST-0734,Mid-Market,Healthcare,Pro,North America,22,466.08,11,2,1.6,0.513,6,0,1,41,0,0.021
CUST-0735,SMB,Financial Services,Starter,Europe,18,114.65,24,2,7.1,0.819,10,1,0,31,0,0.004
CUST-0736,SMB,SaaS,Enterprise,Asia-Pacific,35,851.96,29,2,11.9,0.497,4,1,1,16,0,0.007
CUST-0737,Mid-Market,Logistics,Growth,North America,18,340.99,30,3,2.3,0.532,8,1,0,40,0,0.004
CUST-0738,Mid-Market,Healthcare,Pro,Europe,33,377.91,8,0,14.0,0.475,3,0,1,33,0,0.091
CUST-0739,Mid-Market,SaaS,Starter,Africa,21,557.1,14,1,6.6,0.357,1,1,1,24,0,0.075
CUST-0740,Mid-Market,Healthcare,Growth,North America,36,387.66,11,2,25.7,0.366,0,0,0,40,0,0.483
CUST-0741,Mid-Market,Education,Starter,North America,20,417.76,23,6,5.3,0.129,0,0,1,3,0,0.026
CUST-0742,Mid-Market,Financial Services,Growth,Asia-Pacific,28,259.93,2,1,8.0,0.744,5,0,1,13,0,0.019
CUST-0743,Enterprise,SaaS,Pro,Europe,24,942.4,14,1,2.8,0.56,7,0,1,41,0,0.012
CUST-0744,SMB,Retail,Growth,Africa,22,259.13,10,1,37.3,0.313,9,0,1,51,0,0.422
CUST-0745,Enterprise,SaaS,Pro,Africa,44,2210.22,21,0,10.1,0.05,7,0,0,52,0,0.064
CUST-0746,Mid-Market,Logistics,Growth,Asia-Pacific,17,292.22,20,6,9.8,0.45,2,0,1,55,1,0.093
CUST-0747,SMB,Financial Services,Starter,North America,48,348.67,9,0,13.7,0.476,0,0,1,46,0,0.265
CUST-0748,SMB,Logistics,Starter,Europe,17,487.85,10,3,8.9,0.727,8,0,1,56,0,0.051
CUST-0749,Mid-Market,SaaS,Starter,North America,44,657.28,3,3,8.1,0.502,3,1,1,41,1,0.243
CUST-0750,Mid-Market,Logistics,Growth,North America,33,354.52,12,2,6.9,0.745,10,1,1,30,0,0.008
CUST-0751,SMB,Education,Enterprise,Africa,12,2486.6,15,1,2.9,0.564,10,2,1,41,0,0.013
CUST-0752,Mid-Market,Healthcare,Growth,Asia-Pacific,40,352.08,27,0,13.4,0.611,4,1,1,43,0,0.018
CUST-0753,SMB,Healthcare,Pro,North America,22,316.55,22,3,5.8,0.812,1,0,1,7,0,0.003
CUST-0754,SMB,Education,Pro,Africa,22,298.62,15,0,4.0,0.706,4,0,0,58,0,0.033
CUST-0755,Mid-Market,Logistics,Pro,Europe,17,377.64,6,3,2.8,0.581,8,0,0,54,0,0.051
CUST-0756,Mid-Market,Healthcare,Pro,Africa,37,247.66,29,0,12.0,0.227,0,0,1,31,0,0.028
CUST-0757,SMB,Education,Starter,North America,39,279.82,30,5,3.8,0.57,8,0,1,30,0,0.003
CUST-0758,SMB,Financial Services,Enterprise,North America,16,1361.24,1,3,13.4,0.332,5,0,1,37,1,0.216
CUST-0759,Mid-Market,Retail,Growth,North America,37,301.43,24,4,7.2,0.571,0,1,0,13,0,0.017
CUST-0760,Mid-Market,SaaS,Enterprise,Europe,15,1385.52,1,4,4.4,0.923,7,0,1,54,0,0.045
CUST-0761,Mid-Market,Logistics,Starter,North America,41,353.53,10,1,5.3,0.178,6,1,0,10,0,0.046
CUST-0762,SMB,SaaS,Starter,Asia-Pacific,22,391.1,3,2,6.4,0.19,7,0,1,56,0,0.246
CUST-0763,Mid-Market,Logistics,Starter,North America,48,721.53,7,1,15.4,0.482,4,1,1,30,1,0.166
CUST-0764,Mid-Market,Healthcare,Pro,Europe,45,856.49,7,1,5.4,0.069,1,0,1,59,0,0.363
CUST-0765,Enterprise,Education,Starter,Europe,29,1439.65,8,0,3.6,0.331,0,0,1,40,0,0.15
CUST-0766,Mid-Market,Retail,Growth,North America,16,182.95,13,3,7.0,0.316,0,1,0,59,1,0.344
CUST-0767,Enterprise,Retail,Growth,Asia-Pacific,1,963.75,22,3,9.0,0.748,7,0,1,57,0,0.013
CUST-0768,SMB,Retail,Growth,Africa,46,735.98,24,1,5.1,0.582,10,0,1,29,0,0.002
CUST-0769,SMB,Healthcare,Growth,Africa,47,966.11,24,3,7.9,0.626,4,1,0,57,0,0.04
CUST-0770,SMB,Financial Services,Enterprise,North America,35,651.92,1,3,7.7,0.46,2,0,1,25,0,0.116
CUST-0771,Mid-Market,Retail,Growth,Europe,40,290.15,12,3,3.0,0.343,3,0,1,59,0,0.108
CUST-0772,Enterprise,Financial Services,Starter,Europe,10,1448.65,3,3,12.4,0.31,7,1,1,42,1,0.272
CUST-0773,SMB,Education,Growth,North America,36,491.76,23,2,3.6,0.398,4,0,1,8,0,0.004
CUST-0774,Mid-Market,Healthcare,Starter,Africa,4,366.38,13,3,8.2,0.533,7,0,1,20,0,0.016
CUST-0775,SMB,Healthcare,Pro,Africa,12,1197.56,29,1,10.4,0.238,10,0,1,1,0,0.001
CUST-0776,Mid-Market,Financial Services,Starter,Asia-Pacific,5,334.73,30,2,13.2,0.889,9,0,0,37,0,0.003
CUST-0777,SMB,Financial Services,Enterprise,Europe,35,3022.0,18,0,9.8,0.38,4,0,0,46,0,0.054
CUST-0778,SMB,Healthcare,Starter,North America,33,353.71,7,3,6.0,0.227,9,0,0,46,0,0.112
CUST-0779,SMB,Education,Growth,North America,4,339.96,2,6,8.4,0.636,4,2,0,31,0,0.197
CUST-0780,Mid-Market,Logistics,Starter,Africa,36,240.25,29,3,6.6,0.249,0,0,1,49,0,0.058
CUST-0781,Mid-Market,Logistics,Growth,North America,33,181.78,10,2,12.2,0.396,2,0,1,26,1,0.081
CUST-0782,Mid-Market,SaaS,Growth,Europe,19,511.99,1,1,19.5,0.287,10,0,1,60,1,0.315
CUST-0783,Mid-Market,Retail,Growth,Europe,35,339.73,22,0,5.5,0.534,4,0,1,29,0,0.007
CUST-0784,SMB,Financial Services,Growth,North America,40,488.16,23,1,3.9,0.344,7,0,1,54,0,0.015
CUST-0785,Enterprise,Retail,Growth,Africa,1,1566.22,12,4,11.2,0.676,6,1,0,36,0,0.051
CUST-0786,Mid-Market,Retail,Starter,North America,7,392.98,28,2,24.9,0.301,3,0,1,26,0,0.063
CUST-0787,Enterprise,Logistics,Growth,Europe,40,1008.12,29,3,14.2,0.183,7,0,1,8,0,0.006
CUST-0788,SMB,Financial Services,Starter,North America,33,350.74,10,2,5.9,0.631,10,0,1,29,0,0.011
CUST-0789,Mid-Market,Education,Starter,Asia-Pacific,19,651.37,2,5,12.9,0.86,9,1,1,30,0,0.058
CUST-0790,SMB,Financial Services,Pro,North America,12,226.49,26,4,3.0,0.627,9,0,0,17,0,0.001
CUST-0791,SMB,SaaS,Enterprise,North America,14,403.8,10,1,6.2,0.307,1,0,1,5,0,0.029
CUST-0792,Enterprise,Logistics,Enterprise,North America,6,3553.0,19,3,26.1,0.624,6,1,1,51,0,0.132
CUST-0793,SMB,Logistics,Enterprise,Europe,14,1526.48,12,4,11.7,0.791,10,0,0,5,0,0.004
CUST-0794,SMB,Healthcare,Starter,North America,31,454.96,10,4,7.4,0.474,3,0,1,47,0,0.134
CUST-0795,Mid-Market,Retail,Pro,Asia-Pacific,33,426.7,19,4,10.9,0.563,4,0,1,60,0,0.065
CUST-0796,Enterprise,Retail,Starter,Europe,14,1145.05,18,2,2.7,0.441,10,0,1,41,0,0.009
CUST-0797,Mid-Market,Education,Pro,North America,17,552.12,17,1,4.7,0.702,8,1,1,46,0,0.011
CUST-0798,Enterprise,Healthcare,Pro,Europe,18,1643.8,22,1,11.5,0.607,10,0,0,45,0,0.009
CUST-0799,Enterprise,Financial Services,Growth,Asia-Pacific,25,741.62,11,3,7.5,0.526,3,0,1,51,0,0.087
CUST-0800,SMB,Financial Services,Enterprise,Europe,22,2418.56,30,1,12.7,0.258,1,1,1,51,0,0.068
CUST-0801,SMB,Healthcare,Growth,North America,4,742.19,6,4,13.9,0.394,2,1,0,9,0,0.144
CUST-0802,SMB,Financial Services,Growth,Africa,1,529.14,21,5,3.3,0.495,8,0,0,2,0,0.002
CUST-0803,SMB,Healthcare,Growth,Africa,35,321.61,1,3,11.8,0.605,8,0,0,45,0,0.116
CUST-0804,Mid-Market,Financial Services,Pro,Africa,42,332.61,17,1,6.8,0.567,5,2,0,3,0,0.01
CUST-0805,Enterprise,Healthcare,Growth,North America,36,845.58,11,2,10.0,0.336,0,1,0,40,0,0.257
CUST-0806,SMB,Retail,Growth,North America,7,384.74,23,1,4.2,0.319,6,1,1,48,0,0.021
CUST-0807,Mid-Market,Healthcare,Growth,North America,32,342.52,29,1,6.2,0.285,6,1,1,7,0,0.003
CUST-0808,Mid-Market,Retail,Pro,North America,3,425.36,30,0,1.5,0.512,10,1,1,43,0,0.002
CUST-0809,Mid-Market,Healthcare,Starter,Africa,25,283.1,12,0,8.5,0.081,0,2,1,30,0,0.305
CUST-0810,SMB,Education,Pro,North America,18,623.78,6,4,2.3,0.633,5,0,1,13,0,0.013
CUST-0811,SMB,Retail,Starter,Africa,27,319.36,10,1,7.8,0.677,0,0,0,58,0,0.213
CUST-0812,Mid-Market,SaaS,Starter,North America,6,223.87,12,3,15.9,0.532,2,1,1,12,0,0.085
CUST-0813,Mid-Market,Logistics,Starter,North America,7,677.8,12,4,18.3,0.301,7,0,1,28,0,0.103
CUST-0814,SMB,Retail,Growth,North America,2,561.76,24,1,12.6,0.626,5,0,1,33,0,0.009
CUST-0815,SMB,Healthcare,Enterprise,Asia-Pacific,30,926.4,25,1,32.4,0.539,10,0,0,52,0,0.065
CUST-0816,SMB,Logistics,Starter,Asia-Pacific,10,698.23,23,2,5.7,0.488,10,0,1,36,0,0.005
CUST-0817,Enterprise,Education,Starter,North America,46,934.95,9,3,12.1,0.254,4,0,1,4,0,0.057
CUST-0818,Enterprise,Education,Growth,North America,48,1388.62,22,2,9.0,0.213,8,1,1,11,0,0.008
CUST-0819,Enterprise,Logistics,Starter,North America,45,999.65,9,5,3.4,0.403,5,0,1,18,0,0.032
CUST-0820,Mid-Market,Healthcare,Growth,North America,30,641.63,19,2,2.6,0.868,5,0,0,38,0,0.006
CUST-0821,SMB,Financial Services,Growth,Asia-Pacific,20,566.99,27,2,2.7,0.782,7,1,0,9,0,0.001
CUST-0822,Enterprise,SaaS,Starter,Europe,37,1126.77,25,1,9.3,0.22,9,0,0,52,0,0.03
CUST-0823,SMB,Healthcare,Enterprise,North America,20,1463.48,24,6,11.1,0.51,9,0,1,56,0,0.019
CUST-0824,Mid-Market,SaaS,Growth,Europe,47,615.33,23,2,2.9,0.502,3,1,1,30,0,0.011
CUST-0825,SMB,Retail,Growth,Africa,16,529.43,26,4,5.5,0.327,3,0,1,39,0,0.019
CUST-0826,SMB,Logistics,Starter,Asia-Pacific,45,252.56,21,1,17.5,0.505,3,0,0,19,0,0.038
CUST-0827,Enterprise,SaaS,Enterprise,Asia-Pacific,36,4128.7,26,2,6.1,0.267,0,1,1,15,0,0.018
CUST-0828,SMB,Healthcare,Starter,North America,38,388.14,4,1,5.3,0.415,9,0,0,52,0,0.101
CUST-0829,Enterprise,Retail,Growth,Africa,8,499.02,10,3,10.7,0.672,0,0,0,21,0,0.063
CUST-0830,Mid-Market,Retail,Starter,Asia-Pacific,17,525.07,17,1,5.7,0.344,10,1,1,29,0,0.014
CUST-0831,SMB,SaaS,Starter,Europe,22,670.22,6,2,11.8,0.351,3,0,1,18,0,0.109
CUST-0832,SMB,Healthcare,Starter,Africa,29,597.15,13,1,9.1,0.46,4,0,1,45,0,0.077
CUST-0833,SMB,SaaS,Growth,Europe,34,482.46,9,3,7.2,0.395,3,1,0,40,0,0.153
CUST-0834,Mid-Market,Healthcare,Starter,North America,27,389.99,28,1,3.8,0.84,1,0,1,34,0,0.005
CUST-0835,Enterprise,Retail,Growth,North America,40,1648.75,4,4,2.9,0.264,6,0,1,29,0,0.058
CUST-0836,SMB,Logistics,Growth,North America,14,362.53,5,2,9.6,0.714,9,0,0,40,0,0.034
CUST-0837,SMB,SaaS,Starter,North America,40,610.24,7,3,5.5,0.512,7,0,1,29,0,0.034
CUST-0838,Enterprise,Logistics,Pro,North America,8,1737.65,0,1,23.5,0.442,7,0,1,48,1,0.352
CUST-0839,SMB,Retail,Starter,Europe,31,353.96,10,3,4.0,0.455,8,2,0,29,0,0.053
CUST-0840,Enterprise,Financial Services,Growth,Africa,39,235.4,3,3,7.0,0.627,1,0,1,58,1,0.235
CUST-0841,Enterprise,Financial Services,Pro,Africa,48,1295.97,9,0,7.0,0.849,10,1,0,54,0,0.024
CUST-0842,Mid-Market,Education,Growth,Africa,16,330.78,18,4,4.1,0.386,1,2,1,49,0,0.123
CUST-0843,Mid-Market,Healthcare,Starter,Europe,34,543.05,23,5,5.4,0.345,3,1,0,17,0,0.027
CUST-0844,SMB,Healthcare,Starter,Europe,36,462.05,19,2,2.0,0.33,6,1,1,44,0,0.033
CUST-0845,Mid-Market,Financial Services,Starter,Europe,38,435.99,8,1,9.8,0.375,7,1,1,7,0,0.031
CUST-0846,Mid-Market,Healthcare,Starter,Africa,30,676.99,14,0,3.9,0.201,6,0,0,16,0,0.022
CUST-0847,SMB,Education,Growth,Africa,1,641.21,12,5,7.2,0.724,4,0,1,36,0,0.028
CUST-0848,SMB,Retail,Enterprise,North America,3,3377.96,3,5,11.1,0.514,3,0,0,29,0,0.159
CUST-0849,SMB,Education,Growth,Asia-Pacific,4,413.03,13,1,4.7,0.756,6,2,1,39,0,0.022
CUST-0850,SMB,SaaS,Pro,North America,41,735.1,15,1,9.7,0.655,0,1,0,5,0,0.024
